== Parsing Translation Unit: src/CCefView/include/CefVersion.h ==
== Parsing Translation Unit: src/CCefView/include/CefGlobal.h ==
== Parsing Translation Unit: src/CCefView/include/CefTypes.h ==
  DIAGNOSTIC: D:/VisualStudio2022/VC/Tools/MSVC/14.38.33130/include\mmintrin.h:34:26: warning: __declspec attribute 'intrin_type' is not supported [-Wignored-attributes]
  DIAGNOSTIC: D:/VisualStudio2022/VC/Tools/MSVC/14.38.33130/include\xmmintrin.h:65:26: warning: __declspec attribute 'intrin_type' is not supported [-Wignored-attributes]
  DIAGNOSTIC: D:/VisualStudio2022/VC/Tools/MSVC/14.38.33130/include\emmintrin.h:40:26: warning: __declspec attribute 'intrin_type' is not supported [-Wignored-attributes]
  DIAGNOSTIC: D:/VisualStudio2022/VC/Tools/MSVC/14.38.33130/include\emmintrin.h:51:27: warning: __declspec attribute 'intrin_type' is not supported [-Wignored-attributes]
  DIAGNOSTIC: D:/VisualStudio2022/VC/Tools/MSVC/14.38.33130/include\immintrin.h:39:26: warning: __declspec attribute 'intrin_type' is not supported [-Wignored-attributes]
  DIAGNOSTIC: D:/VisualStudio2022/VC/Tools/MSVC/14.38.33130/include\immintrin.h:43:27: warning: __declspec attribute 'intrin_type' is not supported [-Wignored-attributes]
  DIAGNOSTIC: D:/VisualStudio2022/VC/Tools/MSVC/14.38.33130/include\immintrin.h:47:27: warning: __declspec attribute 'intrin_type' is not supported [-Wignored-attributes]
  DIAGNOSTIC: D:/VisualStudio2022/VC/Tools/MSVC/14.38.33130/include\zmmintrin.h:47:26: warning: __declspec attribute 'intrin_type' is not supported [-Wignored-attributes]
  DIAGNOSTIC: D:/VisualStudio2022/VC/Tools/MSVC/14.38.33130/include\zmmintrin.h:51:27: warning: __declspec attribute 'intrin_type' is not supported [-Wignored-attributes]
  DIAGNOSTIC: D:/VisualStudio2022/VC/Tools/MSVC/14.38.33130/include\zmmintrin.h:55:27: warning: __declspec attribute 'intrin_type' is not supported [-Wignored-attributes]
  CefViewWindowOpenDisposition, CursorKind.ENUM_DECL
  CefViewMouseButtonType, CursorKind.ENUM_DECL
  CefViewKeyEventType, CursorKind.ENUM_DECL
  CefViewPaintElementType, CursorKind.ENUM_DECL
  CefViewDragOperation, CursorKind.ENUM_DECL
  CefViewTextInputMode, CursorKind.ENUM_DECL
  CefViewCursorType, CursorKind.ENUM_DECL
  CefViewLogLevel, CursorKind.ENUM_DECL
  CefViewPluingState, CursorKind.ENUM_DECL
  CefViewEventFlag, CursorKind.ENUM_DECL
  CefViewCompositionUnderlineStyle, CursorKind.ENUM_DECL
  _cef_point_t, CursorKind.STRUCT_DECL
  _cef_size_t, CursorKind.STRUCT_DECL
  _cef_rect_t, CursorKind.STRUCT_DECL
  _cef_screen_info_t, CursorKind.STRUCT_DECL
  _cef_range_t, CursorKind.STRUCT_DECL
  _cef_draggable_region_t, CursorKind.STRUCT_DECL
  _cef_cursor_info_t, CursorKind.STRUCT_DECL
  _cef_composition_underline_t, CursorKind.STRUCT_DECL
  parsing CursorKind.TYPEDEF_DECL:CefViewWindowOpenDisposition 
  parsing CursorKind.TYPEDEF_DECL:CefViewMouseButtonType 
  parsing CursorKind.TYPEDEF_DECL:CefViewKeyEventType 
  parsing CursorKind.TYPEDEF_DECL:CefViewPaintElementType 
  parsing CursorKind.TYPEDEF_DECL:CefViewDragOperation 
  parsing CursorKind.TYPEDEF_DECL:CefViewTextInputMode 
  parsing CursorKind.TYPEDEF_DECL:CefViewCursorType 
  parsing CursorKind.TYPEDEF_DECL:CefViewLogLevel 
  parsing CursorKind.TYPEDEF_DECL:CefViewPluingState 
  parsing CursorKind.TYPEDEF_DECL:CefViewEventFlag 
  parsing CursorKind.TYPEDEF_DECL:CefViewCompositionUnderlineStyle 
  parsing CursorKind.TYPEDEF_DECL:CefViewPoint 
  parsing CursorKind.TYPEDEF_DECL:CefViewSize 
  parsing CursorKind.TYPEDEF_DECL:CefViewRect 
  parsing CursorKind.TYPEDEF_DECL:CefViewScreenInfo 
  parsing CursorKind.TYPEDEF_DECL:CefViewRange 
  parsing CursorKind.TYPEDEF_DECL:CefViewDraggableRegion 
  parsing CursorKind.TYPEDEF_DECL:CefViewCursorInfo 
  parsing CursorKind.TYPEDEF_DECL:CefViewCompositionUnderline 
== Parsing Translation Unit: src/CCefView/include/CefConfig.h ==
  CCefConfig, CursorKind.CLASS_DECL
  parsing CursorKind.CLASS_DECL:CCefConfig 
== Parsing Translation Unit: src/CCefView/include/CefContext.h ==
  CCefContext, CursorKind.CLASS_DECL
  parsing CursorKind.CLASS_DECL:CCefContext 
== Parsing Translation Unit: src/CCefView/include/CefQuery.h ==
  CCefQuery, CursorKind.CLASS_DECL
  parsing CursorKind.CLASS_DECL:CCefQuery 
== Parsing Translation Unit: src/CCefView/include/CefSetting.h ==
  CCefSetting, CursorKind.CLASS_DECL
  parsing CursorKind.CLASS_DECL:CCefSetting 
== Parsing Translation Unit: src/CCefView/include/CefBrowser.h ==
  CefDragData, CursorKind.CLASS_DECL
  CefJSDialogCallback, CursorKind.CLASS_DECL
  CCefBrowser, CursorKind.CLASS_DECL
  parsing CursorKind.CLASS_DECL:CefDragData 
  parsing CursorKind.CLASS_DECL:CefJSDialogCallback 
  parsing CursorKind.CLASS_DECL:CCefBrowser 
== Parsing Translation Unit: src/CCefView/include/CefBrowserCallback.h ==
  DIAGNOSTIC: D:/VisualStudio2022/VC/Tools/MSVC/14.38.33130/include\mmintrin.h:34:26: warning: __declspec attribute 'intrin_type' is not supported [-Wignored-attributes]
  DIAGNOSTIC: D:/VisualStudio2022/VC/Tools/MSVC/14.38.33130/include\xmmintrin.h:65:26: warning: __declspec attribute 'intrin_type' is not supported [-Wignored-attributes]
  DIAGNOSTIC: D:/VisualStudio2022/VC/Tools/MSVC/14.38.33130/include\emmintrin.h:40:26: warning: __declspec attribute 'intrin_type' is not supported [-Wignored-attributes]
  DIAGNOSTIC: D:/VisualStudio2022/VC/Tools/MSVC/14.38.33130/include\emmintrin.h:51:27: warning: __declspec attribute 'intrin_type' is not supported [-Wignored-attributes]
  DIAGNOSTIC: D:/VisualStudio2022/VC/Tools/MSVC/14.38.33130/include\immintrin.h:39:26: warning: __declspec attribute 'intrin_type' is not supported [-Wignored-attributes]
  DIAGNOSTIC: D:/VisualStudio2022/VC/Tools/MSVC/14.38.33130/include\immintrin.h:43:27: warning: __declspec attribute 'intrin_type' is not supported [-Wignored-attributes]
  DIAGNOSTIC: D:/VisualStudio2022/VC/Tools/MSVC/14.38.33130/include\immintrin.h:47:27: warning: __declspec attribute 'intrin_type' is not supported [-Wignored-attributes]
  DIAGNOSTIC: D:/VisualStudio2022/VC/Tools/MSVC/14.38.33130/include\zmmintrin.h:47:26: warning: __declspec attribute 'intrin_type' is not supported [-Wignored-attributes]
  DIAGNOSTIC: D:/VisualStudio2022/VC/Tools/MSVC/14.38.33130/include\zmmintrin.h:51:27: warning: __declspec attribute 'intrin_type' is not supported [-Wignored-attributes]
  DIAGNOSTIC: D:/VisualStudio2022/VC/Tools/MSVC/14.38.33130/include\zmmintrin.h:55:27: warning: __declspec attribute 'intrin_type' is not supported [-Wignored-attributes]
  CefBrowserCallback, CursorKind.STRUCT_DECL
  parsing CursorKind.STRUCT_DECL:CefBrowserCallback 
* Found using clause: CefViewWindowOpenDisposition, CursorKind.TYPEDEF_DECL
* Found enum clause: CefViewWindowOpenDisposition, CursorKind.ENUM_DECL
* Found using clause: CefViewWindowOpenDisposition, CursorKind.TYPEDEF_DECL
* Found enum clause: CefViewWindowOpenDisposition, CursorKind.ENUM_DECL
CEF_WOD_UNKNOWN
CEF_WOD_CURRENT_TAB
CEF_WOD_SINGLETON_TAB
CEF_WOD_NEW_FOREGROUND_TAB
CEF_WOD_NEW_BACKGROUND_TAB
CEF_WOD_NEW_POPUP
CEF_WOD_NEW_WINDOW
CEF_WOD_SAVE_TO_DISK
CEF_WOD_OFF_THE_RECORD
CEF_WOD_IGNORE_ACTION
CEF_WOD_SWITCH_TO_TAB
CEF_WOD_NEW_PICTURE_IN_PICTURE
CEF_WOD_MAX_VALUE
* Found using clause: CefViewMouseButtonType, CursorKind.TYPEDEF_DECL
* Found enum clause: CefViewMouseButtonType, CursorKind.ENUM_DECL
* Found using clause: CefViewMouseButtonType, CursorKind.TYPEDEF_DECL
* Found enum clause: CefViewMouseButtonType, CursorKind.ENUM_DECL
MBT_LEFT
MBT_MIDDLE
MBT_RIGHT
* Found using clause: CefViewKeyEventType, CursorKind.TYPEDEF_DECL
* Found enum clause: CefViewKeyEventType, CursorKind.ENUM_DECL
* Found using clause: CefViewKeyEventType, CursorKind.TYPEDEF_DECL
* Found enum clause: CefViewKeyEventType, CursorKind.ENUM_DECL
KEYEVENT_RAWKEYDOWN
KEYEVENT_KEYDOWN
KEYEVENT_KEYUP
KEYEVENT_CHAR
* Found using clause: CefViewPaintElementType, CursorKind.TYPEDEF_DECL
* Found enum clause: CefViewPaintElementType, CursorKind.ENUM_DECL
* Found using clause: CefViewPaintElementType, CursorKind.TYPEDEF_DECL
* Found enum clause: CefViewPaintElementType, CursorKind.ENUM_DECL
PET_VIEW
PET_POPUP
* Found using clause: CefViewDragOperation, CursorKind.TYPEDEF_DECL
* Found enum clause: CefViewDragOperation, CursorKind.ENUM_DECL
* Found using clause: CefViewDragOperation, CursorKind.TYPEDEF_DECL
* Found enum clause: CefViewDragOperation, CursorKind.ENUM_DECL
DRAG_OPERATION_NONE
DRAG_OPERATION_COPY
DRAG_OPERATION_LINK
DRAG_OPERATION_GENERIC
DRAG_OPERATION_PRIVATE
DRAG_OPERATION_MOVE
DRAG_OPERATION_DELETE
DRAG_OPERATION_EVERY
* Found using clause: CefViewTextInputMode, CursorKind.TYPEDEF_DECL
* Found enum clause: CefViewTextInputMode, CursorKind.ENUM_DECL
* Found using clause: CefViewTextInputMode, CursorKind.TYPEDEF_DECL
* Found enum clause: CefViewTextInputMode, CursorKind.ENUM_DECL
CEF_TEXT_INPUT_MODE_DEFAULT
CEF_TEXT_INPUT_MODE_NONE
CEF_TEXT_INPUT_MODE_TEXT
CEF_TEXT_INPUT_MODE_TEL
CEF_TEXT_INPUT_MODE_URL
CEF_TEXT_INPUT_MODE_EMAIL
CEF_TEXT_INPUT_MODE_NUMERIC
CEF_TEXT_INPUT_MODE_DECIMAL
CEF_TEXT_INPUT_MODE_SEARCH
CEF_TEXT_INPUT_MODE_MAX
* Found using clause: CefViewCursorType, CursorKind.TYPEDEF_DECL
* Found enum clause: CefViewCursorType, CursorKind.ENUM_DECL
* Found using clause: CefViewCursorType, CursorKind.TYPEDEF_DECL
* Found enum clause: CefViewCursorType, CursorKind.ENUM_DECL
CT_POINTER
CT_CROSS
CT_HAND
CT_IBEAM
CT_WAIT
CT_HELP
CT_EASTRESIZE
CT_NORTHRESIZE
CT_NORTHEASTRESIZE
CT_NORTHWESTRESIZE
CT_SOUTHRESIZE
CT_SOUTHEASTRESIZE
CT_SOUTHWESTRESIZE
CT_WESTRESIZE
CT_NORTHSOUTHRESIZE
CT_EASTWESTRESIZE
CT_NORTHEASTSOUTHWESTRESIZE
CT_NORTHWESTSOUTHEASTRESIZE
CT_COLUMNRESIZE
CT_ROWRESIZE
CT_MIDDLEPANNING
CT_EASTPANNING
CT_NORTHPANNING
CT_NORTHEASTPANNING
CT_NORTHWESTPANNING
CT_SOUTHPANNING
CT_SOUTHEASTPANNING
CT_SOUTHWESTPANNING
CT_WESTPANNING
CT_MOVE
CT_VERTICALTEXT
CT_CELL
CT_CONTEXTMENU
CT_ALIAS
CT_PROGRESS
CT_NODROP
CT_COPY
CT_NONE
CT_NOTALLOWED
CT_ZOOMIN
CT_ZOOMOUT
CT_GRAB
CT_GRABBING
CT_MIDDLE_PANNING_VERTICAL
CT_MIDDLE_PANNING_HORIZONTAL
CT_CUSTOM
CT_DND_NONE
CT_DND_MOVE
CT_DND_COPY
CT_DND_LINK
* Found using clause: CefViewLogLevel, CursorKind.TYPEDEF_DECL
* Found enum clause: CefViewLogLevel, CursorKind.ENUM_DECL
* Found using clause: CefViewLogLevel, CursorKind.TYPEDEF_DECL
* Found enum clause: CefViewLogLevel, CursorKind.ENUM_DECL
LOGSEVERITY_DEFAULT
LOGSEVERITY_VERBOSE
LOGSEVERITY_DEBUG
LOGSEVERITY_INFO
LOGSEVERITY_WARNING
LOGSEVERITY_ERROR
LOGSEVERITY_FATAL
LOGSEVERITY_DISABLE
* Found using clause: CefViewPluingState, CursorKind.TYPEDEF_DECL
* Found enum clause: CefViewPluingState, CursorKind.ENUM_DECL
* Found using clause: CefViewPluingState, CursorKind.TYPEDEF_DECL
* Found enum clause: CefViewPluingState, CursorKind.ENUM_DECL
STATE_DEFAULT
STATE_ENABLED
STATE_DISABLED
* Found using clause: CefViewEventFlag, CursorKind.TYPEDEF_DECL
* Found enum clause: CefViewEventFlag, CursorKind.ENUM_DECL
* Found using clause: CefViewEventFlag, CursorKind.TYPEDEF_DECL
* Found enum clause: CefViewEventFlag, CursorKind.ENUM_DECL
EVENTFLAG_NONE
EVENTFLAG_CAPS_LOCK_ON
EVENTFLAG_SHIFT_DOWN
EVENTFLAG_CONTROL_DOWN
EVENTFLAG_ALT_DOWN
EVENTFLAG_LEFT_MOUSE_BUTTON
EVENTFLAG_MIDDLE_MOUSE_BUTTON
EVENTFLAG_RIGHT_MOUSE_BUTTON
EVENTFLAG_COMMAND_DOWN
EVENTFLAG_NUM_LOCK_ON
EVENTFLAG_IS_KEY_PAD
EVENTFLAG_IS_LEFT
EVENTFLAG_IS_RIGHT
EVENTFLAG_ALTGR_DOWN
EVENTFLAG_IS_REPEAT
* Found using clause: CefViewCompositionUnderlineStyle, CursorKind.TYPEDEF_DECL
* Found enum clause: CefViewCompositionUnderlineStyle, CursorKind.ENUM_DECL
* Found using clause: CefViewCompositionUnderlineStyle, CursorKind.TYPEDEF_DECL
* Found enum clause: CefViewCompositionUnderlineStyle, CursorKind.ENUM_DECL
CEF_CUS_SOLID
CEF_CUS_DOT
CEF_CUS_DASH
CEF_CUS_NONE
* Found using clause: CefViewPoint, CursorKind.TYPEDEF_DECL
  _cef_point_t, CursorKind.STRUCT_DECL
* Found struct clause: _cef_point_t, CursorKind.STRUCT_DECL
* Found using clause: CefViewPoint, CursorKind.TYPEDEF_DECL
* Found struct clause: CefViewPoint, CursorKind.STRUCT_DECL
--------- Translating struct: CefViewPoint ---------
==== struct member: x
==== struct member: y
* Found using clause: CefViewSize, CursorKind.TYPEDEF_DECL
  _cef_size_t, CursorKind.STRUCT_DECL
* Found struct clause: _cef_size_t, CursorKind.STRUCT_DECL
* Found using clause: CefViewSize, CursorKind.TYPEDEF_DECL
* Found struct clause: CefViewSize, CursorKind.STRUCT_DECL
--------- Translating struct: CefViewSize ---------
==== struct member: width
==== struct member: height
* Found using clause: CefViewRect, CursorKind.TYPEDEF_DECL
  _cef_rect_t, CursorKind.STRUCT_DECL
* Found struct clause: _cef_rect_t, CursorKind.STRUCT_DECL
* Found using clause: CefViewRect, CursorKind.TYPEDEF_DECL
* Found struct clause: CefViewRect, CursorKind.STRUCT_DECL
--------- Translating struct: CefViewRect ---------
==== struct member: x
==== struct member: y
==== struct member: width
==== struct member: height
* Found using clause: CefViewScreenInfo, CursorKind.TYPEDEF_DECL
  _cef_screen_info_t, CursorKind.STRUCT_DECL
* Found struct clause: _cef_screen_info_t, CursorKind.STRUCT_DECL
* Found using clause: CefViewScreenInfo, CursorKind.TYPEDEF_DECL
* Found struct clause: CefViewScreenInfo, CursorKind.STRUCT_DECL
--------- Translating struct: CefViewScreenInfo ---------
==== struct member: device_scale_factor
==== struct member: depth
==== struct member: depth_per_component
==== struct member: is_monochrome
==== struct member: rect
==== struct member: available_rect
* Found using clause: CefViewRange, CursorKind.TYPEDEF_DECL
  _cef_range_t, CursorKind.STRUCT_DECL
* Found struct clause: _cef_range_t, CursorKind.STRUCT_DECL
* Found using clause: CefViewRange, CursorKind.TYPEDEF_DECL
* Found struct clause: CefViewRange, CursorKind.STRUCT_DECL
--------- Translating struct: CefViewRange ---------
==== struct member: from
==== struct member: to
* Found using clause: CefViewDraggableRegion, CursorKind.TYPEDEF_DECL
  _cef_draggable_region_t, CursorKind.STRUCT_DECL
* Found struct clause: _cef_draggable_region_t, CursorKind.STRUCT_DECL
* Found using clause: CefViewDraggableRegion, CursorKind.TYPEDEF_DECL
* Found struct clause: CefViewDraggableRegion, CursorKind.STRUCT_DECL
--------- Translating struct: CefViewDraggableRegion ---------
==== struct member: bounds
==== struct member: draggable
* Found using clause: CefViewCursorInfo, CursorKind.TYPEDEF_DECL
  _cef_cursor_info_t, CursorKind.STRUCT_DECL
* Found struct clause: _cef_cursor_info_t, CursorKind.STRUCT_DECL
* Found using clause: CefViewCursorInfo, CursorKind.TYPEDEF_DECL
* Found struct clause: CefViewCursorInfo, CursorKind.STRUCT_DECL
--------- Translating struct: CefViewCursorInfo ---------
==== struct member: hotspot
==== struct member: image_scale_factor
==== struct member: buffer
==== struct member: size
* Found using clause: CefViewCompositionUnderline, CursorKind.TYPEDEF_DECL
  _cef_composition_underline_t, CursorKind.STRUCT_DECL
* Found struct clause: _cef_composition_underline_t, CursorKind.STRUCT_DECL
* Found using clause: CefViewCompositionUnderline, CursorKind.TYPEDEF_DECL
* Found struct clause: CefViewCompositionUnderline, CursorKind.STRUCT_DECL
--------- Translating struct: CefViewCompositionUnderline ---------
==== struct member: range
==== struct member: color
==== struct member: background_color
==== struct member: thick
==== struct member: style
src/CCefView/include\CefGlobal.h
src/CCefView/include\CefTypes.h
src/CCefView/include\CefVersion.h
* Found class clause: CCefConfig, CursorKind.CLASS_DECL
  typedef struct CCefConfig ccefconfig_class;

  CCEFVIEW_EXPORT void CCefConfig_Delete(ccefconfig_class * thiz);
void CCefConfig_Delete(ccefconfig_class * thiz) {
  return delete thiz;
}

Constructor: CCefConfig
Parameters:
  CCEFVIEW_EXPORT ccefconfig_class * CCefConfig_new0();
ccefconfig_class * CCefConfig_new0() {
  return new CCefConfig();
}

******************************************
Method: addCommandLineSwitch
Parameters:
  const char * smitch
Declaration:
  CCEFVIEW_EXPORT void CCefConfig_addCommandLineSwitch(ccefconfig_class * thiz, const char * smitch);
Definition:
void CCefConfig_addCommandLineSwitch(ccefconfig_class * thiz, const char * smitch) {
  thiz->addCommandLineSwitch(smitch);
}

******************************************
Method: addCommandLineSwitchWithValue
Parameters:
  const char * smitch
  const char * v
Declaration:
  CCEFVIEW_EXPORT void CCefConfig_addCommandLineSwitchWithValue(ccefconfig_class * thiz, const char * smitch, const char * v);
Definition:
void CCefConfig_addCommandLineSwitchWithValue(ccefconfig_class * thiz, const char * smitch, const char * v) {
  thiz->addCommandLineSwitchWithValue(smitch, v);
}

******************************************
Method: setCommandLinePassthroughDisabled
Parameters:
  const bool disabled
Declaration:
  CCEFVIEW_EXPORT void CCefConfig_setCommandLinePassthroughDisabled(ccefconfig_class * thiz, const bool disabled);
Definition:
void CCefConfig_setCommandLinePassthroughDisabled(ccefconfig_class * thiz, const bool disabled) {
  thiz->setCommandLinePassthroughDisabled(disabled);
}

******************************************
Method: commandLinePassthroughDisabled
Parameters:
Declaration:
  CCEFVIEW_EXPORT bool CCefConfig_commandLinePassthroughDisabled(ccefconfig_class * thiz);
Definition:
bool CCefConfig_commandLinePassthroughDisabled(ccefconfig_class * thiz) {
  return thiz->commandLinePassthroughDisabled();
}

******************************************
Method: setLogLevel
Parameters:
  cefviewloglevel_enum lvl
Declaration:
  CCEFVIEW_EXPORT void CCefConfig_setLogLevel(ccefconfig_class * thiz, cefviewloglevel_enum lvl);
Definition:
void CCefConfig_setLogLevel(ccefconfig_class * thiz, cefviewloglevel_enum lvl) {
  thiz->setLogLevel((cef_log_severity_t)lvl);
}

******************************************
Method: logLevel
Parameters:
Declaration:
  CCEFVIEW_EXPORT cefviewloglevel_enum CCefConfig_logLevel(ccefconfig_class * thiz);
Definition:
cefviewloglevel_enum CCefConfig_logLevel(ccefconfig_class * thiz) {
  return (cef_log_severity_t)thiz->logLevel();
}

******************************************
Method: setLocale
Parameters:
  const char * locale
Declaration:
  CCEFVIEW_EXPORT void CCefConfig_setLocale(ccefconfig_class * thiz, const char * locale);
Definition:
void CCefConfig_setLocale(ccefconfig_class * thiz, const char * locale) {
  thiz->setLocale(locale);
}

******************************************
Method: locale
Parameters:
Declaration:
  CCEFVIEW_EXPORT const char * CCefConfig_locale(ccefconfig_class * thiz);
Definition:
const char * CCefConfig_locale(ccefconfig_class * thiz) {
  return thiz->locale().c_str();
}

******************************************
Method: setUserAgent
Parameters:
  const char * agent
Declaration:
  CCEFVIEW_EXPORT void CCefConfig_setUserAgent(ccefconfig_class * thiz, const char * agent);
Definition:
void CCefConfig_setUserAgent(ccefconfig_class * thiz, const char * agent) {
  thiz->setUserAgent(agent);
}

******************************************
Method: userAgent
Parameters:
Declaration:
  CCEFVIEW_EXPORT const char * CCefConfig_userAgent(ccefconfig_class * thiz);
Definition:
const char * CCefConfig_userAgent(ccefconfig_class * thiz) {
  return thiz->userAgent().c_str();
}

******************************************
Method: setCachePath
Parameters:
  const char * path
Declaration:
  CCEFVIEW_EXPORT void CCefConfig_setCachePath(ccefconfig_class * thiz, const char * path);
Definition:
void CCefConfig_setCachePath(ccefconfig_class * thiz, const char * path) {
  thiz->setCachePath(path);
}

******************************************
Method: cachePath
Parameters:
Declaration:
  CCEFVIEW_EXPORT const char * CCefConfig_cachePath(ccefconfig_class * thiz);
Definition:
const char * CCefConfig_cachePath(ccefconfig_class * thiz) {
  return thiz->cachePath().c_str();
}

******************************************
Method: setUserDataPath
Parameters:
  const char * path
Declaration:
  CCEFVIEW_EXPORT void CCefConfig_setUserDataPath(ccefconfig_class * thiz, const char * path);
Definition:
void CCefConfig_setUserDataPath(ccefconfig_class * thiz, const char * path) {
  thiz->setUserDataPath(path);
}

******************************************
Method: userDataPath
Parameters:
Declaration:
  CCEFVIEW_EXPORT const char * CCefConfig_userDataPath(ccefconfig_class * thiz);
Definition:
const char * CCefConfig_userDataPath(ccefconfig_class * thiz) {
  return thiz->userDataPath().c_str();
}

******************************************
Method: setRootCachePath
Parameters:
  const char * path
Declaration:
  CCEFVIEW_EXPORT void CCefConfig_setRootCachePath(ccefconfig_class * thiz, const char * path);
Definition:
void CCefConfig_setRootCachePath(ccefconfig_class * thiz, const char * path) {
  thiz->setRootCachePath(path);
}

******************************************
Method: rootCachePath
Parameters:
Declaration:
  CCEFVIEW_EXPORT const char * CCefConfig_rootCachePath(ccefconfig_class * thiz);
Definition:
const char * CCefConfig_rootCachePath(ccefconfig_class * thiz) {
  return thiz->rootCachePath().c_str();
}

******************************************
Method: setBridgeObjectName
Parameters:
  const char * name
Declaration:
  CCEFVIEW_EXPORT void CCefConfig_setBridgeObjectName(ccefconfig_class * thiz, const char * name);
Definition:
void CCefConfig_setBridgeObjectName(ccefconfig_class * thiz, const char * name) {
  thiz->setBridgeObjectName(name);
}

******************************************
Method: bridgeObjectName
Parameters:
Declaration:
  CCEFVIEW_EXPORT const char * CCefConfig_bridgeObjectName(ccefconfig_class * thiz);
Definition:
const char * CCefConfig_bridgeObjectName(ccefconfig_class * thiz) {
  return thiz->bridgeObjectName().c_str();
}

******************************************
Method: setBuiltinSchemaName
Parameters:
  const char * name
Declaration:
  CCEFVIEW_EXPORT void CCefConfig_setBuiltinSchemaName(ccefconfig_class * thiz, const char * name);
Definition:
void CCefConfig_setBuiltinSchemaName(ccefconfig_class * thiz, const char * name) {
  thiz->setBuiltinSchemaName(name);
}

******************************************
Method: builtinSchemaName
Parameters:
Declaration:
  CCEFVIEW_EXPORT const char * CCefConfig_builtinSchemaName(ccefconfig_class * thiz);
Definition:
const char * CCefConfig_builtinSchemaName(ccefconfig_class * thiz) {
  return thiz->builtinSchemaName().c_str();
}

******************************************
Method: setBackgroundColor
Parameters:
  uint32_t color
Declaration:
  CCEFVIEW_EXPORT void CCefConfig_setBackgroundColor(ccefconfig_class * thiz, uint32_t color);
Definition:
void CCefConfig_setBackgroundColor(ccefconfig_class * thiz, uint32_t color) {
  thiz->setBackgroundColor(color);
}

******************************************
Method: backgroundColor
Parameters:
Declaration:
  CCEFVIEW_EXPORT uint32_t CCefConfig_backgroundColor(ccefconfig_class * thiz);
Definition:
uint32_t CCefConfig_backgroundColor(ccefconfig_class * thiz) {
  return thiz->backgroundColor();
}

******************************************
Method: setAcceptLanguageList
Parameters:
  const char * languages
Declaration:
  CCEFVIEW_EXPORT void CCefConfig_setAcceptLanguageList(ccefconfig_class * thiz, const char * languages);
Definition:
void CCefConfig_setAcceptLanguageList(ccefconfig_class * thiz, const char * languages) {
  thiz->setAcceptLanguageList(languages);
}

******************************************
Method: acceptLanguageList
Parameters:
Declaration:
  CCEFVIEW_EXPORT const char * CCefConfig_acceptLanguageList(ccefconfig_class * thiz);
Definition:
const char * CCefConfig_acceptLanguageList(ccefconfig_class * thiz) {
  return thiz->acceptLanguageList().c_str();
}

******************************************
Method: setPersistSessionCookies
Parameters:
  bool enabled
Declaration:
  CCEFVIEW_EXPORT void CCefConfig_setPersistSessionCookies(ccefconfig_class * thiz, bool enabled);
Definition:
void CCefConfig_setPersistSessionCookies(ccefconfig_class * thiz, bool enabled) {
  thiz->setPersistSessionCookies(enabled);
}

******************************************
Method: persistSessionCookies
Parameters:
Declaration:
  CCEFVIEW_EXPORT bool CCefConfig_persistSessionCookies(ccefconfig_class * thiz);
Definition:
bool CCefConfig_persistSessionCookies(ccefconfig_class * thiz) {
  return thiz->persistSessionCookies();
}

******************************************
Method: setPersistUserPreferences
Parameters:
  bool enabled
Declaration:
  CCEFVIEW_EXPORT void CCefConfig_setPersistUserPreferences(ccefconfig_class * thiz, bool enabled);
Definition:
void CCefConfig_setPersistUserPreferences(ccefconfig_class * thiz, bool enabled) {
  thiz->setPersistUserPreferences(enabled);
}

******************************************
Method: persistUserPreferences
Parameters:
Declaration:
  CCEFVIEW_EXPORT bool CCefConfig_persistUserPreferences(ccefconfig_class * thiz);
Definition:
bool CCefConfig_persistUserPreferences(ccefconfig_class * thiz) {
  return thiz->persistUserPreferences();
}

******************************************
Method: setMultiThreadedMessageLoop
Parameters:
  bool enable
Declaration:
  CCEFVIEW_EXPORT void CCefConfig_setMultiThreadedMessageLoop(ccefconfig_class * thiz, bool enable);
Definition:
void CCefConfig_setMultiThreadedMessageLoop(ccefconfig_class * thiz, bool enable) {
  thiz->setMultiThreadedMessageLoop(enable);
}

******************************************
Method: multiThreadedMessageLoop
Parameters:
Declaration:
  CCEFVIEW_EXPORT bool CCefConfig_multiThreadedMessageLoop(ccefconfig_class * thiz);
Definition:
bool CCefConfig_multiThreadedMessageLoop(ccefconfig_class * thiz) {
  return thiz->multiThreadedMessageLoop();
}

******************************************
Method: setRemoteDebuggingPort
Parameters:
  short port
Declaration:
  CCEFVIEW_EXPORT void CCefConfig_setRemoteDebuggingPort(ccefconfig_class * thiz, short port);
Definition:
void CCefConfig_setRemoteDebuggingPort(ccefconfig_class * thiz, short port) {
  thiz->setRemoteDebuggingPort(port);
}

******************************************
Method: remoteDebuggingPort
Parameters:
Declaration:
  CCEFVIEW_EXPORT short CCefConfig_remoteDebuggingPort(ccefconfig_class * thiz);
Definition:
short CCefConfig_remoteDebuggingPort(ccefconfig_class * thiz) {
  return thiz->remoteDebuggingPort();
}

******************************************
Method: setWindowlessRendering
Parameters:
  bool enable
Declaration:
  CCEFVIEW_EXPORT void CCefConfig_setWindowlessRendering(ccefconfig_class * thiz, bool enable);
Definition:
void CCefConfig_setWindowlessRendering(ccefconfig_class * thiz, bool enable) {
  thiz->setWindowlessRendering(enable);
}

******************************************
Method: windowlessRendering
Parameters:
Declaration:
  CCEFVIEW_EXPORT bool CCefConfig_windowlessRendering(ccefconfig_class * thiz);
Definition:
bool CCefConfig_windowlessRendering(ccefconfig_class * thiz) {
  return thiz->windowlessRendering();
}

* Found class clause: CCefConfig, CursorKind.CLASS_DECL
******************************************
Constructor: CCefConfig
  Parameters:
        // Source: CCefConfig()
        [DllImport("CCefView")]
        private static extern IntPtr CCefConfig_new0();

******************************************
Method: addCommandLineSwitch
  Parameters:
    <pp2xlang.generator.csharp.Parameter object at 0x0000027D431D1650>
Definition:
        // Source: void addCommandLineSwitch(const std::string &)
        [DllImport("CCefView")]
        private static extern void CCefConfig_addCommandLineSwitch(IntPtr thiz, [MarshalAs(UnmanagedType.LPUTF8Str)] string smitch);
        public void AddCommandLineSwitch(string smitch)
        {
            CCefConfig_addCommandLineSwitch(_native, smitch);
        }

******************************************
Method: addCommandLineSwitchWithValue
  Parameters:
    <pp2xlang.generator.csharp.Parameter object at 0x0000027D431D1450>
    <pp2xlang.generator.csharp.Parameter object at 0x0000027D431D0490>
Definition:
        // Source: void addCommandLineSwitchWithValue(const std::string &, const std::string &)
        [DllImport("CCefView")]
        private static extern void CCefConfig_addCommandLineSwitchWithValue(IntPtr thiz, [MarshalAs(UnmanagedType.LPUTF8Str)] string smitch, [MarshalAs(UnmanagedType.LPUTF8Str)] string v);
        public void AddCommandLineSwitchWithValue(string smitch, string v)
        {
            CCefConfig_addCommandLineSwitchWithValue(_native, smitch, v);
        }

******************************************
Method: setCommandLinePassthroughDisabled
  Parameters:
    <pp2xlang.generator.csharp.Parameter object at 0x0000027D431D00D0>
Definition:
        // Source: void setCommandLinePassthroughDisabled(const bool)
        [DllImport("CCefView")]
        private static extern void CCefConfig_setCommandLinePassthroughDisabled(IntPtr thiz, [MarshalAs(UnmanagedType.I1)] bool disabled);
        public void SetCommandLinePassthroughDisabled(bool disabled)
        {
            CCefConfig_setCommandLinePassthroughDisabled(_native, disabled);
        }

******************************************
Method: commandLinePassthroughDisabled
  Parameters:
Definition:
        // Source: bool commandLinePassthroughDisabled()
        [DllImport("CCefView")]
        [return: MarshalAs(UnmanagedType.I1)]
        private static extern bool CCefConfig_commandLinePassthroughDisabled(IntPtr thiz);
        public bool CommandLinePassthroughDisabled()
        {
            return CCefConfig_commandLinePassthroughDisabled(_native);
        }

******************************************
Method: setLogLevel
  Parameters:
    <pp2xlang.generator.csharp.Parameter object at 0x0000027D431D0090>
Definition:
        // Source: void setLogLevel(CefViewLogLevel)
        [DllImport("CCefView")]
        private static extern void CCefConfig_setLogLevel(IntPtr thiz, CefViewLogLevel lvl);
        public void SetLogLevel(CefViewLogLevel lvl)
        {
            CCefConfig_setLogLevel(_native, lvl);
        }

******************************************
Method: logLevel
  Parameters:
Definition:
        // Source: CefViewLogLevel logLevel()
        [DllImport("CCefView")]
        private static extern CefViewLogLevel CCefConfig_logLevel(IntPtr thiz);
        public CefViewLogLevel LogLevel()
        {
            return CCefConfig_logLevel(_native);
        }

******************************************
Method: setLocale
  Parameters:
    <pp2xlang.generator.csharp.Parameter object at 0x0000027D431D2490>
Definition:
        // Source: void setLocale(const std::string &)
        [DllImport("CCefView")]
        private static extern void CCefConfig_setLocale(IntPtr thiz, [MarshalAs(UnmanagedType.LPUTF8Str)] string locale);
        public void SetLocale(string locale)
        {
            CCefConfig_setLocale(_native, locale);
        }

******************************************
Method: locale
  Parameters:
Definition:
        // Source: const std::string & locale()
        [DllImport("CCefView")]
        private static extern IntPtr CCefConfig_locale(IntPtr thiz);
        public string Locale()
        {
            return Marshal.PtrToStringUTF8(CCefConfig_locale(_native));
        }

******************************************
Method: setUserAgent
  Parameters:
    <pp2xlang.generator.csharp.Parameter object at 0x0000027D431D0D10>
Definition:
        // Source: void setUserAgent(const std::string &)
        [DllImport("CCefView")]
        private static extern void CCefConfig_setUserAgent(IntPtr thiz, [MarshalAs(UnmanagedType.LPUTF8Str)] string agent);
        public void SetUserAgent(string agent)
        {
            CCefConfig_setUserAgent(_native, agent);
        }

******************************************
Method: userAgent
  Parameters:
Definition:
        // Source: const std::string & userAgent()
        [DllImport("CCefView")]
        private static extern IntPtr CCefConfig_userAgent(IntPtr thiz);
        public string UserAgent()
        {
            return Marshal.PtrToStringUTF8(CCefConfig_userAgent(_native));
        }

******************************************
Method: setCachePath
  Parameters:
    <pp2xlang.generator.csharp.Parameter object at 0x0000027D431D2490>
Definition:
        // Source: void setCachePath(const std::string &)
        [DllImport("CCefView")]
        private static extern void CCefConfig_setCachePath(IntPtr thiz, [MarshalAs(UnmanagedType.LPUTF8Str)] string path);
        public void SetCachePath(string path)
        {
            CCefConfig_setCachePath(_native, path);
        }

******************************************
Method: cachePath
  Parameters:
Definition:
        // Source: const std::string & cachePath()
        [DllImport("CCefView")]
        private static extern IntPtr CCefConfig_cachePath(IntPtr thiz);
        public string CachePath()
        {
            return Marshal.PtrToStringUTF8(CCefConfig_cachePath(_native));
        }

******************************************
Method: setUserDataPath
  Parameters:
    <pp2xlang.generator.csharp.Parameter object at 0x0000027D431D0E10>
Definition:
        // Source: void setUserDataPath(const std::string &)
        [DllImport("CCefView")]
        private static extern void CCefConfig_setUserDataPath(IntPtr thiz, [MarshalAs(UnmanagedType.LPUTF8Str)] string path);
        public void SetUserDataPath(string path)
        {
            CCefConfig_setUserDataPath(_native, path);
        }

******************************************
Method: userDataPath
  Parameters:
Definition:
        // Source: const std::string & userDataPath()
        [DllImport("CCefView")]
        private static extern IntPtr CCefConfig_userDataPath(IntPtr thiz);
        public string UserDataPath()
        {
            return Marshal.PtrToStringUTF8(CCefConfig_userDataPath(_native));
        }

******************************************
Method: setRootCachePath
  Parameters:
    <pp2xlang.generator.csharp.Parameter object at 0x0000027D431D00D0>
Definition:
        // Source: void setRootCachePath(const std::string &)
        [DllImport("CCefView")]
        private static extern void CCefConfig_setRootCachePath(IntPtr thiz, [MarshalAs(UnmanagedType.LPUTF8Str)] string path);
        public void SetRootCachePath(string path)
        {
            CCefConfig_setRootCachePath(_native, path);
        }

******************************************
Method: rootCachePath
  Parameters:
Definition:
        // Source: const std::string & rootCachePath()
        [DllImport("CCefView")]
        private static extern IntPtr CCefConfig_rootCachePath(IntPtr thiz);
        public string RootCachePath()
        {
            return Marshal.PtrToStringUTF8(CCefConfig_rootCachePath(_native));
        }

******************************************
Method: setBridgeObjectName
  Parameters:
    <pp2xlang.generator.csharp.Parameter object at 0x0000027D431D19D0>
Definition:
        // Source: void setBridgeObjectName(const std::string &)
        [DllImport("CCefView")]
        private static extern void CCefConfig_setBridgeObjectName(IntPtr thiz, [MarshalAs(UnmanagedType.LPUTF8Str)] string name);
        public void SetBridgeObjectName(string name)
        {
            CCefConfig_setBridgeObjectName(_native, name);
        }

******************************************
Method: bridgeObjectName
  Parameters:
Definition:
        // Source: const std::string & bridgeObjectName()
        [DllImport("CCefView")]
        private static extern IntPtr CCefConfig_bridgeObjectName(IntPtr thiz);
        public string BridgeObjectName()
        {
            return Marshal.PtrToStringUTF8(CCefConfig_bridgeObjectName(_native));
        }

******************************************
Method: setBuiltinSchemaName
  Parameters:
    <pp2xlang.generator.csharp.Parameter object at 0x0000027D431D00D0>
Definition:
        // Source: void setBuiltinSchemaName(const std::string &)
        [DllImport("CCefView")]
        private static extern void CCefConfig_setBuiltinSchemaName(IntPtr thiz, [MarshalAs(UnmanagedType.LPUTF8Str)] string name);
        public void SetBuiltinSchemaName(string name)
        {
            CCefConfig_setBuiltinSchemaName(_native, name);
        }

******************************************
Method: builtinSchemaName
  Parameters:
Definition:
        // Source: const std::string & builtinSchemaName()
        [DllImport("CCefView")]
        private static extern IntPtr CCefConfig_builtinSchemaName(IntPtr thiz);
        public string BuiltinSchemaName()
        {
            return Marshal.PtrToStringUTF8(CCefConfig_builtinSchemaName(_native));
        }

******************************************
Method: setBackgroundColor
  Parameters:
    <pp2xlang.generator.csharp.Parameter object at 0x0000027D431D00D0>
Definition:
        // Source: void setBackgroundColor(uint32_t)
        [DllImport("CCefView")]
        private static extern void CCefConfig_setBackgroundColor(IntPtr thiz, UInt32 color);
        public void SetBackgroundColor(UInt32 color)
        {
            CCefConfig_setBackgroundColor(_native, color);
        }

******************************************
Method: backgroundColor
  Parameters:
Definition:
        // Source: uint32_t backgroundColor()
        [DllImport("CCefView")]
        private static extern UInt32 CCefConfig_backgroundColor(IntPtr thiz);
        public UInt32 BackgroundColor()
        {
            return CCefConfig_backgroundColor(_native);
        }

******************************************
Method: setAcceptLanguageList
  Parameters:
    <pp2xlang.generator.csharp.Parameter object at 0x0000027D431D19D0>
Definition:
        // Source: void setAcceptLanguageList(const std::string &)
        [DllImport("CCefView")]
        private static extern void CCefConfig_setAcceptLanguageList(IntPtr thiz, [MarshalAs(UnmanagedType.LPUTF8Str)] string languages);
        public void SetAcceptLanguageList(string languages)
        {
            CCefConfig_setAcceptLanguageList(_native, languages);
        }

******************************************
Method: acceptLanguageList
  Parameters:
Definition:
        // Source: const std::string & acceptLanguageList()
        [DllImport("CCefView")]
        private static extern IntPtr CCefConfig_acceptLanguageList(IntPtr thiz);
        public string AcceptLanguageList()
        {
            return Marshal.PtrToStringUTF8(CCefConfig_acceptLanguageList(_native));
        }

******************************************
Method: setPersistSessionCookies
  Parameters:
    <pp2xlang.generator.csharp.Parameter object at 0x0000027D43145810>
Definition:
        // Source: void setPersistSessionCookies(bool)
        [DllImport("CCefView")]
        private static extern void CCefConfig_setPersistSessionCookies(IntPtr thiz, [MarshalAs(UnmanagedType.I1)] bool enabled);
        public void SetPersistSessionCookies(bool enabled)
        {
            CCefConfig_setPersistSessionCookies(_native, enabled);
        }

******************************************
Method: persistSessionCookies
  Parameters:
Definition:
        // Source: bool persistSessionCookies()
        [DllImport("CCefView")]
        [return: MarshalAs(UnmanagedType.I1)]
        private static extern bool CCefConfig_persistSessionCookies(IntPtr thiz);
        public bool PersistSessionCookies()
        {
            return CCefConfig_persistSessionCookies(_native);
        }

******************************************
Method: setPersistUserPreferences
  Parameters:
    <pp2xlang.generator.csharp.Parameter object at 0x0000027D43146690>
Definition:
        // Source: void setPersistUserPreferences(bool)
        [DllImport("CCefView")]
        private static extern void CCefConfig_setPersistUserPreferences(IntPtr thiz, [MarshalAs(UnmanagedType.I1)] bool enabled);
        public void SetPersistUserPreferences(bool enabled)
        {
            CCefConfig_setPersistUserPreferences(_native, enabled);
        }

******************************************
Method: persistUserPreferences
  Parameters:
Definition:
        // Source: bool persistUserPreferences()
        [DllImport("CCefView")]
        [return: MarshalAs(UnmanagedType.I1)]
        private static extern bool CCefConfig_persistUserPreferences(IntPtr thiz);
        public bool PersistUserPreferences()
        {
            return CCefConfig_persistUserPreferences(_native);
        }

******************************************
Method: setMultiThreadedMessageLoop
  Parameters:
    <pp2xlang.generator.csharp.Parameter object at 0x0000027D431D0D10>
Definition:
        // Source: void setMultiThreadedMessageLoop(bool)
        [DllImport("CCefView")]
        private static extern void CCefConfig_setMultiThreadedMessageLoop(IntPtr thiz, [MarshalAs(UnmanagedType.I1)] bool enable);
        public void SetMultiThreadedMessageLoop(bool enable)
        {
            CCefConfig_setMultiThreadedMessageLoop(_native, enable);
        }

******************************************
Method: multiThreadedMessageLoop
  Parameters:
Definition:
        // Source: bool multiThreadedMessageLoop()
        [DllImport("CCefView")]
        [return: MarshalAs(UnmanagedType.I1)]
        private static extern bool CCefConfig_multiThreadedMessageLoop(IntPtr thiz);
        public bool MultiThreadedMessageLoop()
        {
            return CCefConfig_multiThreadedMessageLoop(_native);
        }

******************************************
Method: setRemoteDebuggingPort
  Parameters:
    <pp2xlang.generator.csharp.Parameter object at 0x0000027D431D11D0>
Definition:
        // Source: void setRemoteDebuggingPort(short)
        [DllImport("CCefView")]
        private static extern void CCefConfig_setRemoteDebuggingPort(IntPtr thiz, short port);
        public void SetRemoteDebuggingPort(short port)
        {
            CCefConfig_setRemoteDebuggingPort(_native, port);
        }

******************************************
Method: remoteDebuggingPort
  Parameters:
Definition:
        // Source: short remoteDebuggingPort()
        [DllImport("CCefView")]
        private static extern short CCefConfig_remoteDebuggingPort(IntPtr thiz);
        public short RemoteDebuggingPort()
        {
            return CCefConfig_remoteDebuggingPort(_native);
        }

******************************************
Method: setWindowlessRendering
  Parameters:
    <pp2xlang.generator.csharp.Parameter object at 0x0000027D431D2790>
Definition:
        // Source: void setWindowlessRendering(bool)
        [DllImport("CCefView")]
        private static extern void CCefConfig_setWindowlessRendering(IntPtr thiz, [MarshalAs(UnmanagedType.I1)] bool enable);
        public void SetWindowlessRendering(bool enable)
        {
            CCefConfig_setWindowlessRendering(_native, enable);
        }

******************************************
Method: windowlessRendering
  Parameters:
Definition:
        // Source: bool windowlessRendering()
        [DllImport("CCefView")]
        [return: MarshalAs(UnmanagedType.I1)]
        private static extern bool CCefConfig_windowlessRendering(IntPtr thiz);
        public bool WindowlessRendering()
        {
            return CCefConfig_windowlessRendering(_native);
        }

src/CCefView/include\CefConfig.h
* Found class clause: CCefContext, CursorKind.CLASS_DECL
  typedef struct CCefContext ccefcontext_class;

  CCEFVIEW_EXPORT void CCefContext_Delete(ccefcontext_class * thiz);
void CCefContext_Delete(ccefcontext_class * thiz) {
  return delete thiz;
}

Constructor: CCefContext
Parameters:
  const ccefconfig_class * config
  CCEFVIEW_EXPORT ccefcontext_class * CCefContext_new0(const ccefconfig_class * config);
ccefcontext_class * CCefContext_new0(const ccefconfig_class * config) {
  return new CCefContext(config);
}

******************************************
Method: isInitialized
Parameters:
Declaration:
  CCEFVIEW_EXPORT bool CCefContext_isInitialized(ccefcontext_class * thiz);
Definition:
bool CCefContext_isInitialized(ccefcontext_class * thiz) {
  return thiz->isInitialized();
}

******************************************
Method: addFolderResource
Parameters:
  const char * path
  const char * url
  int priority
Declaration:
  CCEFVIEW_EXPORT void CCefContext_addFolderResource(ccefcontext_class * thiz, const char * path, const char * url, int priority);
Definition:
void CCefContext_addFolderResource(ccefcontext_class * thiz, const char * path, const char * url, int priority) {
  thiz->addFolderResource(path, url, priority);
}

******************************************
Method: addArchiveResource
Parameters:
  const char * path
  const char * url
  const char * password
  int priority
Declaration:
  CCEFVIEW_EXPORT void CCefContext_addArchiveResource(ccefcontext_class * thiz, const char * path, const char * url, const char * password, int priority);
Definition:
void CCefContext_addArchiveResource(ccefcontext_class * thiz, const char * path, const char * url, const char * password, int priority) {
  thiz->addArchiveResource(path, url, password, priority);
}

******************************************
Method: addCookie
Parameters:
  const char * name
  const char * value
  const char * domain
  const char * url
Declaration:
  CCEFVIEW_EXPORT bool CCefContext_addCookie(ccefcontext_class * thiz, const char * name, const char * value, const char * domain, const char * url);
Definition:
bool CCefContext_addCookie(ccefcontext_class * thiz, const char * name, const char * value, const char * domain, const char * url) {
  return thiz->addCookie(name, value, domain, url);
}

******************************************
Method: addCookieEx
Parameters:
  const char * name
  const char * value
  const char * domain
  const char * url
  const char * path
  bool secure
  bool httpOnly
  double expiresEpochSeconds
Declaration:
  CCEFVIEW_EXPORT bool CCefContext_addCookieEx(ccefcontext_class * thiz, const char * name, const char * value, const char * domain, const char * url, const char * path, bool secure, bool httpOnly, double expiresEpochSeconds);
Definition:
bool CCefContext_addCookieEx(ccefcontext_class * thiz, const char * name, const char * value, const char * domain, const char * url, const char * path, bool secure, bool httpOnly, double expiresEpochSeconds) {
  return thiz->addCookieEx(name, value, domain, url, path, secure, httpOnly, expiresEpochSeconds);
}

******************************************
Method: flushCookieStore
Parameters:
  int timeoutMs
Declaration:
  CCEFVIEW_EXPORT bool CCefContext_flushCookieStore(ccefcontext_class * thiz, int timeoutMs);
Definition:
bool CCefContext_flushCookieStore(ccefcontext_class * thiz, int timeoutMs) {
  return thiz->flushCookieStore(timeoutMs);
}

******************************************
Method: deleteCookie
Parameters:
  const char * url
  const char * name
Declaration:
  CCEFVIEW_EXPORT bool CCefContext_deleteCookie(ccefcontext_class * thiz, const char * url, const char * name);
Definition:
bool CCefContext_deleteCookie(ccefcontext_class * thiz, const char * url, const char * name) {
  return thiz->deleteCookie(url, name);
}

******************************************
Method: deleteAllCookies
Parameters:
Declaration:
  CCEFVIEW_EXPORT bool CCefContext_deleteAllCookies(ccefcontext_class * thiz);
Definition:
bool CCefContext_deleteAllCookies(ccefcontext_class * thiz) {
  return thiz->deleteAllCookies();
}

******************************************
Method: addCrossOriginWhitelistEntry
Parameters:
  const char * sourceOrigin
  const char * targetProtocol
  const char * targetDomain
  bool allowTargetSubdomains
Declaration:
  CCEFVIEW_EXPORT bool CCefContext_addCrossOriginWhitelistEntry(ccefcontext_class * thiz, const char * sourceOrigin, const char * targetProtocol, const char * targetDomain, bool allowTargetSubdomains);
Definition:
bool CCefContext_addCrossOriginWhitelistEntry(ccefcontext_class * thiz, const char * sourceOrigin, const char * targetProtocol, const char * targetDomain, bool allowTargetSubdomains) {
  return thiz->addCrossOriginWhitelistEntry(sourceOrigin, targetProtocol, targetDomain, allowTargetSubdomains);
}

******************************************
Method: removeCrossOriginWhitelistEntry
Parameters:
  const char * sourceOrigin
  const char * targetProtocol
  const char * targetDomain
  bool allowTargetSubdomains
Declaration:
  CCEFVIEW_EXPORT bool CCefContext_removeCrossOriginWhitelistEntry(ccefcontext_class * thiz, const char * sourceOrigin, const char * targetProtocol, const char * targetDomain, bool allowTargetSubdomains);
Definition:
bool CCefContext_removeCrossOriginWhitelistEntry(ccefcontext_class * thiz, const char * sourceOrigin, const char * targetProtocol, const char * targetDomain, bool allowTargetSubdomains) {
  return thiz->removeCrossOriginWhitelistEntry(sourceOrigin, targetProtocol, targetDomain, allowTargetSubdomains);
}

******************************************
Method: clearCrossOriginWhitelist
Parameters:
Declaration:
  CCEFVIEW_EXPORT bool CCefContext_clearCrossOriginWhitelist(ccefcontext_class * thiz);
Definition:
bool CCefContext_clearCrossOriginWhitelist(ccefcontext_class * thiz) {
  return thiz->clearCrossOriginWhitelist();
}

******************************************
Method: visitAllCookiesJson
Parameters:
  int timeoutMs
Declaration:
  CCEFVIEW_EXPORT const char * CCefContext_visitAllCookiesJson(ccefcontext_class * thiz, int timeoutMs);
Definition:
const char * CCefContext_visitAllCookiesJson(ccefcontext_class * thiz, int timeoutMs) {
  return thiz->visitAllCookiesJson(timeoutMs);
}

******************************************
Method: visitUrlCookiesJson
Parameters:
  const char * url
  bool includeHttpOnly
  int timeoutMs
Declaration:
  CCEFVIEW_EXPORT const char * CCefContext_visitUrlCookiesJson(ccefcontext_class * thiz, const char * url, bool includeHttpOnly, int timeoutMs);
Definition:
const char * CCefContext_visitUrlCookiesJson(ccefcontext_class * thiz, const char * url, bool includeHttpOnly, int timeoutMs) {
  return thiz->visitUrlCookiesJson(url, includeHttpOnly, timeoutMs);
}

******************************************
Method: doCefMessageLoopWork
Parameters:
Declaration:
  CCEFVIEW_EXPORT void CCefContext_doCefMessageLoopWork(ccefcontext_class * thiz);
Definition:
void CCefContext_doCefMessageLoopWork(ccefcontext_class * thiz) {
  thiz->doCefMessageLoopWork();
}

******************************************
Method: isSafeToShutdown
Parameters:
Declaration:
  CCEFVIEW_EXPORT bool CCefContext_isSafeToShutdown(ccefcontext_class * thiz);
Definition:
bool CCefContext_isSafeToShutdown(ccefcontext_class * thiz) {
  return thiz->isSafeToShutdown();
}

* Found class clause: CCefContext, CursorKind.CLASS_DECL
******************************************
Constructor: CCefContext
  Parameters:
    <pp2xlang.generator.csharp.Parameter object at 0x0000027D465CF110>
        // Source: CCefContext(const CCefConfig *)
        [DllImport("CCefView")]
        private static extern IntPtr CCefContext_new0(IntPtr config);

******************************************
Method: isInitialized
  Parameters:
Definition:
        // Source: bool isInitialized()
        [DllImport("CCefView")]
        [return: MarshalAs(UnmanagedType.I1)]
        private static extern bool CCefContext_isInitialized(IntPtr thiz);
        public bool IsInitialized()
        {
            return CCefContext_isInitialized(_native);
        }

******************************************
Method: addFolderResource
  Parameters:
    <pp2xlang.generator.csharp.Parameter object at 0x0000027D465CC090>
    <pp2xlang.generator.csharp.Parameter object at 0x0000027D465CFDD0>
    <pp2xlang.generator.csharp.Parameter object at 0x0000027D465E0090>
Definition:
        // Source: void addFolderResource(const std::string &, const std::string &, int)
        [DllImport("CCefView")]
        private static extern void CCefContext_addFolderResource(IntPtr thiz, [MarshalAs(UnmanagedType.LPUTF8Str)] string path, [MarshalAs(UnmanagedType.LPUTF8Str)] string url, int priority);
        public void AddFolderResource(string path, string url, int priority)
        {
            CCefContext_addFolderResource(_native, path, url, priority);
        }

******************************************
Method: addArchiveResource
  Parameters:
    <pp2xlang.generator.csharp.Parameter object at 0x0000027D465E04D0>
    <pp2xlang.generator.csharp.Parameter object at 0x0000027D465E0610>
    <pp2xlang.generator.csharp.Parameter object at 0x0000027D465E0790>
    <pp2xlang.generator.csharp.Parameter object at 0x0000027D465E0990>
Definition:
        // Source: void addArchiveResource(const std::string &, const std::string &, const std::string &, int)
        [DllImport("CCefView")]
        private static extern void CCefContext_addArchiveResource(IntPtr thiz, [MarshalAs(UnmanagedType.LPUTF8Str)] string path, [MarshalAs(UnmanagedType.LPUTF8Str)] string url, [MarshalAs(UnmanagedType.LPUTF8Str)] string password, int priority);
        public void AddArchiveResource(string path, string url, string password, int priority)
        {
            CCefContext_addArchiveResource(_native, path, url, password, priority);
        }

******************************************
Method: addCookie
  Parameters:
    <pp2xlang.generator.csharp.Parameter object at 0x0000027D465E0390>
    <pp2xlang.generator.csharp.Parameter object at 0x0000027D465E0590>
    <pp2xlang.generator.csharp.Parameter object at 0x0000027D465E09D0>
    <pp2xlang.generator.csharp.Parameter object at 0x0000027D465E0AD0>
Definition:
        // Source: bool addCookie(const std::string &, const std::string &, const std::string &, const std::string &)
        [DllImport("CCefView")]
        [return: MarshalAs(UnmanagedType.I1)]
        private static extern bool CCefContext_addCookie(IntPtr thiz, [MarshalAs(UnmanagedType.LPUTF8Str)] string name, [MarshalAs(UnmanagedType.LPUTF8Str)] string value, [MarshalAs(UnmanagedType.LPUTF8Str)] string domain, [MarshalAs(UnmanagedType.LPUTF8Str)] string url);
        public bool AddCookie(string name, string value, string domain, string url)
        {
            return CCefContext_addCookie(_native, name, value, domain, url);
        }

******************************************
Method: addCookieEx
  Parameters:
    <pp2xlang.generator.csharp.Parameter object at 0x0000027D465E08D0>
    <pp2xlang.generator.csharp.Parameter object at 0x0000027D465E0610>
    <pp2xlang.generator.csharp.Parameter object at 0x0000027D465E0810>
    <pp2xlang.generator.csharp.Parameter object at 0x0000027D465E0890>
    <pp2xlang.generator.csharp.Parameter object at 0x0000027D465E0C10>
    <pp2xlang.generator.csharp.Parameter object at 0x0000027D465E0E10>
    <pp2xlang.generator.csharp.Parameter object at 0x0000027D465E0F50>
    <pp2xlang.generator.csharp.Parameter object at 0x0000027D465E1090>
Definition:
        // Source: bool addCookieEx(const std::string &, const std::string &, const std::string &, const std::string &, const std::string &, bool, bool, double)
        [DllImport("CCefView")]
        [return: MarshalAs(UnmanagedType.I1)]
        private static extern bool CCefContext_addCookieEx(IntPtr thiz, [MarshalAs(UnmanagedType.LPUTF8Str)] string name, [MarshalAs(UnmanagedType.LPUTF8Str)] string value, [MarshalAs(UnmanagedType.LPUTF8Str)] string domain, [MarshalAs(UnmanagedType.LPUTF8Str)] string url, [MarshalAs(UnmanagedType.LPUTF8Str)] string path, [MarshalAs(UnmanagedType.I1)] bool secure, [MarshalAs(UnmanagedType.I1)] bool httpOnly, double expiresEpochSeconds);
        public bool AddCookieEx(string name, string value, string domain, string url, string path, bool secure, bool httpOnly, double expiresEpochSeconds)
        {
            return CCefContext_addCookieEx(_native, name, value, domain, url, path, secure, httpOnly, expiresEpochSeconds);
        }

******************************************
Method: flushCookieStore
  Parameters:
    <pp2xlang.generator.csharp.Parameter object at 0x0000027D465CFB10>
Definition:
        // Source: bool flushCookieStore(int)
        [DllImport("CCefView")]
        [return: MarshalAs(UnmanagedType.I1)]
        private static extern bool CCefContext_flushCookieStore(IntPtr thiz, int timeoutMs);
        public bool FlushCookieStore(int timeoutMs)
        {
            return CCefContext_flushCookieStore(_native, timeoutMs);
        }

******************************************
Method: deleteCookie
  Parameters:
    <pp2xlang.generator.csharp.Parameter object at 0x0000027D465CFCD0>
    <pp2xlang.generator.csharp.Parameter object at 0x0000027D465CFE10>
Definition:
        // Source: bool deleteCookie(const std::string &, const std::string &)
        [DllImport("CCefView")]
        [return: MarshalAs(UnmanagedType.I1)]
        private static extern bool CCefContext_deleteCookie(IntPtr thiz, [MarshalAs(UnmanagedType.LPUTF8Str)] string url, [MarshalAs(UnmanagedType.LPUTF8Str)] string name);
        public bool DeleteCookie(string url, string name)
        {
            return CCefContext_deleteCookie(_native, url, name);
        }

******************************************
Method: deleteAllCookies
  Parameters:
Definition:
        // Source: bool deleteAllCookies()
        [DllImport("CCefView")]
        [return: MarshalAs(UnmanagedType.I1)]
        private static extern bool CCefContext_deleteAllCookies(IntPtr thiz);
        public bool DeleteAllCookies()
        {
            return CCefContext_deleteAllCookies(_native);
        }

******************************************
Method: addCrossOriginWhitelistEntry
  Parameters:
    <pp2xlang.generator.csharp.Parameter object at 0x0000027D431D19D0>
    <pp2xlang.generator.csharp.Parameter object at 0x0000027D465CFCD0>
    <pp2xlang.generator.csharp.Parameter object at 0x0000027D465CFE10>
    <pp2xlang.generator.csharp.Parameter object at 0x0000027D465CFE50>
Definition:
        // Source: bool addCrossOriginWhitelistEntry(const std::string &, const std::string &, const std::string &, bool)
        [DllImport("CCefView")]
        [return: MarshalAs(UnmanagedType.I1)]
        private static extern bool CCefContext_addCrossOriginWhitelistEntry(IntPtr thiz, [MarshalAs(UnmanagedType.LPUTF8Str)] string sourceOrigin, [MarshalAs(UnmanagedType.LPUTF8Str)] string targetProtocol, [MarshalAs(UnmanagedType.LPUTF8Str)] string targetDomain, [MarshalAs(UnmanagedType.I1)] bool allowTargetSubdomains);
        public bool AddCrossOriginWhitelistEntry(string sourceOrigin, string targetProtocol, string targetDomain, bool allowTargetSubdomains)
        {
            return CCefContext_addCrossOriginWhitelistEntry(_native, sourceOrigin, targetProtocol, targetDomain, allowTargetSubdomains);
        }

******************************************
Method: removeCrossOriginWhitelistEntry
  Parameters:
    <pp2xlang.generator.csharp.Parameter object at 0x0000027D465E0410>
    <pp2xlang.generator.csharp.Parameter object at 0x0000027D465E0B90>
    <pp2xlang.generator.csharp.Parameter object at 0x0000027D465E0CD0>
    <pp2xlang.generator.csharp.Parameter object at 0x0000027D465E0290>
Definition:
        // Source: bool removeCrossOriginWhitelistEntry(const std::string &, const std::string &, const std::string &, bool)
        [DllImport("CCefView")]
        [return: MarshalAs(UnmanagedType.I1)]
        private static extern bool CCefContext_removeCrossOriginWhitelistEntry(IntPtr thiz, [MarshalAs(UnmanagedType.LPUTF8Str)] string sourceOrigin, [MarshalAs(UnmanagedType.LPUTF8Str)] string targetProtocol, [MarshalAs(UnmanagedType.LPUTF8Str)] string targetDomain, [MarshalAs(UnmanagedType.I1)] bool allowTargetSubdomains);
        public bool RemoveCrossOriginWhitelistEntry(string sourceOrigin, string targetProtocol, string targetDomain, bool allowTargetSubdomains)
        {
            return CCefContext_removeCrossOriginWhitelistEntry(_native, sourceOrigin, targetProtocol, targetDomain, allowTargetSubdomains);
        }

******************************************
Method: clearCrossOriginWhitelist
  Parameters:
Definition:
        // Source: bool clearCrossOriginWhitelist()
        [DllImport("CCefView")]
        [return: MarshalAs(UnmanagedType.I1)]
        private static extern bool CCefContext_clearCrossOriginWhitelist(IntPtr thiz);
        public bool ClearCrossOriginWhitelist()
        {
            return CCefContext_clearCrossOriginWhitelist(_native);
        }

******************************************
Method: visitAllCookiesJson
  Parameters:
    <pp2xlang.generator.csharp.Parameter object at 0x0000027D465CFB10>
Definition:
        // Source: std::string visitAllCookiesJson(int)
        [DllImport("CCefView")]
        private static extern IntPtr CCefContext_visitAllCookiesJson(IntPtr thiz, int timeoutMs);
        public string VisitAllCookiesJson(int timeoutMs)
        {
            return Marshal.PtrToStringUTF8(CCefContext_visitAllCookiesJson(_native, timeoutMs));
        }

******************************************
Method: visitUrlCookiesJson
  Parameters:
    <pp2xlang.generator.csharp.Parameter object at 0x0000027D465CFA50>
    <pp2xlang.generator.csharp.Parameter object at 0x0000027D465E0410>
    <pp2xlang.generator.csharp.Parameter object at 0x0000027D465E0C90>
Definition:
        // Source: std::string visitUrlCookiesJson(const std::string &, bool, int)
        [DllImport("CCefView")]
        private static extern IntPtr CCefContext_visitUrlCookiesJson(IntPtr thiz, [MarshalAs(UnmanagedType.LPUTF8Str)] string url, [MarshalAs(UnmanagedType.I1)] bool includeHttpOnly, int timeoutMs);
        public string VisitUrlCookiesJson(string url, bool includeHttpOnly, int timeoutMs)
        {
            return Marshal.PtrToStringUTF8(CCefContext_visitUrlCookiesJson(_native, url, includeHttpOnly, timeoutMs));
        }

******************************************
Method: doCefMessageLoopWork
  Parameters:
Definition:
        // Source: void doCefMessageLoopWork()
        [DllImport("CCefView")]
        private static extern void CCefContext_doCefMessageLoopWork(IntPtr thiz);
        public void DoCefMessageLoopWork()
        {
            CCefContext_doCefMessageLoopWork(_native);
        }

******************************************
Method: isSafeToShutdown
  Parameters:
Definition:
        // Source: bool isSafeToShutdown()
        [DllImport("CCefView")]
        [return: MarshalAs(UnmanagedType.I1)]
        private static extern bool CCefContext_isSafeToShutdown(IntPtr thiz);
        public bool IsSafeToShutdown()
        {
            return CCefContext_isSafeToShutdown(_native);
        }

* Found class clause: CCefQuery, CursorKind.CLASS_DECL
  typedef struct CCefQuery ccefquery_class;

  CCEFVIEW_EXPORT void CCefQuery_Delete(ccefquery_class * thiz);
void CCefQuery_Delete(ccefquery_class * thiz) {
  return delete thiz;
}

Constructor: CCefQuery
Parameters:
  CCEFVIEW_EXPORT ccefquery_class * CCefQuery_new0();
ccefquery_class * CCefQuery_new0() {
  return new CCefQuery();
}

Constructor: CCefQuery
Parameters:
  const char * req
  const int64_t query
  CCEFVIEW_EXPORT ccefquery_class * CCefQuery_new1(const char * req, const int64_t query);
ccefquery_class * CCefQuery_new1(const char * req, const int64_t query) {
  return new CCefQuery(req, query);
}

******************************************
Method: getRequest
Parameters:
Declaration:
  CCEFVIEW_EXPORT const char * CCefQuery_getRequest(ccefquery_class * thiz);
Definition:
const char * CCefQuery_getRequest(ccefquery_class * thiz) {
  return thiz->getRequest().c_str();
}

******************************************
Method: getId
Parameters:
Declaration:
  CCEFVIEW_EXPORT const int64_t CCefQuery_getId(ccefquery_class * thiz);
Definition:
const int64_t CCefQuery_getId(ccefquery_class * thiz) {
  return thiz->getId();
}

******************************************
Method: getResponse
Parameters:
Declaration:
  CCEFVIEW_EXPORT const char * CCefQuery_getResponse(ccefquery_class * thiz);
Definition:
const char * CCefQuery_getResponse(ccefquery_class * thiz) {
  return thiz->getResponse().c_str();
}

******************************************
Method: getResult
Parameters:
Declaration:
  CCEFVIEW_EXPORT const bool CCefQuery_getResult(ccefquery_class * thiz);
Definition:
const bool CCefQuery_getResult(ccefquery_class * thiz) {
  return thiz->getResult();
}

******************************************
Method: getError
Parameters:
Declaration:
  CCEFVIEW_EXPORT const int CCefQuery_getError(ccefquery_class * thiz);
Definition:
const int CCefQuery_getError(ccefquery_class * thiz) {
  return thiz->getError();
}

******************************************
Method: setResponseResult
Parameters:
  bool success
  const char * response
  int error
Declaration:
  CCEFVIEW_EXPORT void CCefQuery_setResponseResult(ccefquery_class * thiz, bool success, const char * response, int error);
Definition:
void CCefQuery_setResponseResult(ccefquery_class * thiz, bool success, const char * response, int error) {
  thiz->setResponseResult(success, response, error);
}

* Found class clause: CCefQuery, CursorKind.CLASS_DECL
******************************************
Constructor: CCefQuery
  Parameters:
        // Source: CCefQuery()
        [DllImport("CCefView")]
        private static extern IntPtr CCefQuery_new0();

******************************************
Constructor: CCefQuery
  Parameters:
    <pp2xlang.generator.csharp.Parameter object at 0x0000027D43139290>
    <pp2xlang.generator.csharp.Parameter object at 0x0000027D43139A10>
        // Source: CCefQuery(const std::string &, const int64_t)
        [DllImport("CCefView")]
        private static extern IntPtr CCefQuery_new1([MarshalAs(UnmanagedType.LPUTF8Str)] string req, Int64 query);

******************************************
Method: getRequest
  Parameters:
Definition:
        // Source: const std::string & getRequest()
        [DllImport("CCefView")]
        private static extern IntPtr CCefQuery_getRequest(IntPtr thiz);
        public string GetRequest()
        {
            return Marshal.PtrToStringUTF8(CCefQuery_getRequest(_native));
        }

******************************************
Method: getId
  Parameters:
Definition:
        // Source: const int64_t getId()
        [DllImport("CCefView")]
        private static extern Int64 CCefQuery_getId(IntPtr thiz);
        public Int64 GetId()
        {
            return CCefQuery_getId(_native);
        }

******************************************
Method: getResponse
  Parameters:
Definition:
        // Source: const std::string & getResponse()
        [DllImport("CCefView")]
        private static extern IntPtr CCefQuery_getResponse(IntPtr thiz);
        public string GetResponse()
        {
            return Marshal.PtrToStringUTF8(CCefQuery_getResponse(_native));
        }

******************************************
Method: getResult
  Parameters:
Definition:
        // Source: const bool getResult()
        [DllImport("CCefView")]
        [return: MarshalAs(UnmanagedType.I1)]
        private static extern bool CCefQuery_getResult(IntPtr thiz);
        public bool GetResult()
        {
            return CCefQuery_getResult(_native);
        }

******************************************
Method: getError
  Parameters:
Definition:
        // Source: const int getError()
        [DllImport("CCefView")]
        private static extern int CCefQuery_getError(IntPtr thiz);
        public int GetError()
        {
            return CCefQuery_getError(_native);
        }

******************************************
Method: setResponseResult
  Parameters:
    <pp2xlang.generator.csharp.Parameter object at 0x0000027D431397D0>
    <pp2xlang.generator.csharp.Parameter object at 0x0000027D43139D50>
    <pp2xlang.generator.csharp.Parameter object at 0x0000027D43139ED0>
Definition:
        // Source: void setResponseResult(bool, const std::string &, int)
        [DllImport("CCefView")]
        private static extern void CCefQuery_setResponseResult(IntPtr thiz, [MarshalAs(UnmanagedType.I1)] bool success, [MarshalAs(UnmanagedType.LPUTF8Str)] string response, int error);
        public void SetResponseResult(bool success, string response, int error)
        {
            CCefQuery_setResponseResult(_native, success, response, error);
        }

src/CCefView/include\CefTypes.h
* Found class clause: CCefSetting, CursorKind.CLASS_DECL
  typedef struct CCefSetting ccefsetting_class;

  CCEFVIEW_EXPORT void CCefSetting_Delete(ccefsetting_class * thiz);
void CCefSetting_Delete(ccefsetting_class * thiz) {
  return delete thiz;
}

Constructor: CCefSetting
Parameters:
  CCEFVIEW_EXPORT ccefsetting_class * CCefSetting_new0();
ccefsetting_class * CCefSetting_new0() {
  return new CCefSetting();
}

******************************************
Method: setStandardFontFamily
Parameters:
  const char * value
Declaration:
  CCEFVIEW_EXPORT void CCefSetting_setStandardFontFamily(ccefsetting_class * thiz, const char * value);
Definition:
void CCefSetting_setStandardFontFamily(ccefsetting_class * thiz, const char * value) {
  thiz->setStandardFontFamily(value);
}

******************************************
Method: standardFontFamily
Parameters:
Declaration:
  CCEFVIEW_EXPORT const char * CCefSetting_standardFontFamily(ccefsetting_class * thiz);
Definition:
const char * CCefSetting_standardFontFamily(ccefsetting_class * thiz) {
  return thiz->standardFontFamily().c_str();
}

******************************************
Method: setFixedFontFamily
Parameters:
  const char * value
Declaration:
  CCEFVIEW_EXPORT void CCefSetting_setFixedFontFamily(ccefsetting_class * thiz, const char * value);
Definition:
void CCefSetting_setFixedFontFamily(ccefsetting_class * thiz, const char * value) {
  thiz->setFixedFontFamily(value);
}

******************************************
Method: fixedFontFamily
Parameters:
Declaration:
  CCEFVIEW_EXPORT const char * CCefSetting_fixedFontFamily(ccefsetting_class * thiz);
Definition:
const char * CCefSetting_fixedFontFamily(ccefsetting_class * thiz) {
  return thiz->fixedFontFamily().c_str();
}

******************************************
Method: setSerifFontFamily
Parameters:
  const char * value
Declaration:
  CCEFVIEW_EXPORT void CCefSetting_setSerifFontFamily(ccefsetting_class * thiz, const char * value);
Definition:
void CCefSetting_setSerifFontFamily(ccefsetting_class * thiz, const char * value) {
  thiz->setSerifFontFamily(value);
}

******************************************
Method: serifFontFamily
Parameters:
Declaration:
  CCEFVIEW_EXPORT const char * CCefSetting_serifFontFamily(ccefsetting_class * thiz);
Definition:
const char * CCefSetting_serifFontFamily(ccefsetting_class * thiz) {
  return thiz->serifFontFamily().c_str();
}

******************************************
Method: setSansSerifFontFamily
Parameters:
  const char * value
Declaration:
  CCEFVIEW_EXPORT void CCefSetting_setSansSerifFontFamily(ccefsetting_class * thiz, const char * value);
Definition:
void CCefSetting_setSansSerifFontFamily(ccefsetting_class * thiz, const char * value) {
  thiz->setSansSerifFontFamily(value);
}

******************************************
Method: sansSerifFontFamily
Parameters:
Declaration:
  CCEFVIEW_EXPORT const char * CCefSetting_sansSerifFontFamily(ccefsetting_class * thiz);
Definition:
const char * CCefSetting_sansSerifFontFamily(ccefsetting_class * thiz) {
  return thiz->sansSerifFontFamily().c_str();
}

******************************************
Method: setCursiveFontFamily
Parameters:
  const char * value
Declaration:
  CCEFVIEW_EXPORT void CCefSetting_setCursiveFontFamily(ccefsetting_class * thiz, const char * value);
Definition:
void CCefSetting_setCursiveFontFamily(ccefsetting_class * thiz, const char * value) {
  thiz->setCursiveFontFamily(value);
}

******************************************
Method: cursiveFontFamily
Parameters:
Declaration:
  CCEFVIEW_EXPORT const char * CCefSetting_cursiveFontFamily(ccefsetting_class * thiz);
Definition:
const char * CCefSetting_cursiveFontFamily(ccefsetting_class * thiz) {
  return thiz->cursiveFontFamily().c_str();
}

******************************************
Method: setFantasyFontFamily
Parameters:
  const char * value
Declaration:
  CCEFVIEW_EXPORT void CCefSetting_setFantasyFontFamily(ccefsetting_class * thiz, const char * value);
Definition:
void CCefSetting_setFantasyFontFamily(ccefsetting_class * thiz, const char * value) {
  thiz->setFantasyFontFamily(value);
}

******************************************
Method: fantasyFontFamily
Parameters:
Declaration:
  CCEFVIEW_EXPORT const char * CCefSetting_fantasyFontFamily(ccefsetting_class * thiz);
Definition:
const char * CCefSetting_fantasyFontFamily(ccefsetting_class * thiz) {
  return thiz->fantasyFontFamily().c_str();
}

******************************************
Method: setDefaultEncoding
Parameters:
  const char * value
Declaration:
  CCEFVIEW_EXPORT void CCefSetting_setDefaultEncoding(ccefsetting_class * thiz, const char * value);
Definition:
void CCefSetting_setDefaultEncoding(ccefsetting_class * thiz, const char * value) {
  thiz->setDefaultEncoding(value);
}

******************************************
Method: defaultEncoding
Parameters:
Declaration:
  CCEFVIEW_EXPORT const char * CCefSetting_defaultEncoding(ccefsetting_class * thiz);
Definition:
const char * CCefSetting_defaultEncoding(ccefsetting_class * thiz) {
  return thiz->defaultEncoding().c_str();
}

******************************************
Method: setAcceptLanguageList
Parameters:
  const char * value
Declaration:
  CCEFVIEW_EXPORT void CCefSetting_setAcceptLanguageList(ccefsetting_class * thiz, const char * value);
Definition:
void CCefSetting_setAcceptLanguageList(ccefsetting_class * thiz, const char * value) {
  thiz->setAcceptLanguageList(value);
}

******************************************
Method: acceptLanguageList
Parameters:
Declaration:
  CCEFVIEW_EXPORT const char * CCefSetting_acceptLanguageList(ccefsetting_class * thiz);
Definition:
const char * CCefSetting_acceptLanguageList(ccefsetting_class * thiz) {
  return thiz->acceptLanguageList().c_str();
}

******************************************
Method: setWindowlessFrameRate
Parameters:
  const int value
Declaration:
  CCEFVIEW_EXPORT void CCefSetting_setWindowlessFrameRate(ccefsetting_class * thiz, const int value);
Definition:
void CCefSetting_setWindowlessFrameRate(ccefsetting_class * thiz, const int value) {
  thiz->setWindowlessFrameRate(value);
}

******************************************
Method: windowlessFrameRate
Parameters:
Declaration:
  CCEFVIEW_EXPORT int CCefSetting_windowlessFrameRate(ccefsetting_class * thiz);
Definition:
int CCefSetting_windowlessFrameRate(ccefsetting_class * thiz) {
  return thiz->windowlessFrameRate();
}

******************************************
Method: setWindowlessRenderingEnabled
Parameters:
  bool enabled
Declaration:
  CCEFVIEW_EXPORT void CCefSetting_setWindowlessRenderingEnabled(ccefsetting_class * thiz, bool enabled);
Definition:
void CCefSetting_setWindowlessRenderingEnabled(ccefsetting_class * thiz, bool enabled) {
  thiz->setWindowlessRenderingEnabled(enabled);
}

******************************************
Method: windowlessRenderingEnabled
Parameters:
Declaration:
  CCEFVIEW_EXPORT bool CCefSetting_windowlessRenderingEnabled(ccefsetting_class * thiz);
Definition:
bool CCefSetting_windowlessRenderingEnabled(ccefsetting_class * thiz) {
  return thiz->windowlessRenderingEnabled();
}

******************************************
Method: setDefaultFontSize
Parameters:
  const int value
Declaration:
  CCEFVIEW_EXPORT void CCefSetting_setDefaultFontSize(ccefsetting_class * thiz, const int value);
Definition:
void CCefSetting_setDefaultFontSize(ccefsetting_class * thiz, const int value) {
  thiz->setDefaultFontSize(value);
}

******************************************
Method: defaultFontSize
Parameters:
Declaration:
  CCEFVIEW_EXPORT int CCefSetting_defaultFontSize(ccefsetting_class * thiz);
Definition:
int CCefSetting_defaultFontSize(ccefsetting_class * thiz) {
  return thiz->defaultFontSize();
}

******************************************
Method: setDefaultFixedFontSize
Parameters:
  const int value
Declaration:
  CCEFVIEW_EXPORT void CCefSetting_setDefaultFixedFontSize(ccefsetting_class * thiz, const int value);
Definition:
void CCefSetting_setDefaultFixedFontSize(ccefsetting_class * thiz, const int value) {
  thiz->setDefaultFixedFontSize(value);
}

******************************************
Method: defaultFixedFontSize
Parameters:
Declaration:
  CCEFVIEW_EXPORT int CCefSetting_defaultFixedFontSize(ccefsetting_class * thiz);
Definition:
int CCefSetting_defaultFixedFontSize(ccefsetting_class * thiz) {
  return thiz->defaultFixedFontSize();
}

******************************************
Method: setMinimumFontSize
Parameters:
  const int value
Declaration:
  CCEFVIEW_EXPORT void CCefSetting_setMinimumFontSize(ccefsetting_class * thiz, const int value);
Definition:
void CCefSetting_setMinimumFontSize(ccefsetting_class * thiz, const int value) {
  thiz->setMinimumFontSize(value);
}

******************************************
Method: minimumFontSize
Parameters:
Declaration:
  CCEFVIEW_EXPORT int CCefSetting_minimumFontSize(ccefsetting_class * thiz);
Definition:
int CCefSetting_minimumFontSize(ccefsetting_class * thiz) {
  return thiz->minimumFontSize();
}

******************************************
Method: setMinimumLogicalFontSize
Parameters:
  const int value
Declaration:
  CCEFVIEW_EXPORT void CCefSetting_setMinimumLogicalFontSize(ccefsetting_class * thiz, const int value);
Definition:
void CCefSetting_setMinimumLogicalFontSize(ccefsetting_class * thiz, const int value) {
  thiz->setMinimumLogicalFontSize(value);
}

******************************************
Method: minimumLogicalFontSize
Parameters:
Declaration:
  CCEFVIEW_EXPORT int CCefSetting_minimumLogicalFontSize(ccefsetting_class * thiz);
Definition:
int CCefSetting_minimumLogicalFontSize(ccefsetting_class * thiz) {
  return thiz->minimumLogicalFontSize();
}

******************************************
Method: setRemoteFonts
Parameters:
  cefviewpluingstate_enum value
Declaration:
  CCEFVIEW_EXPORT void CCefSetting_setRemoteFonts(ccefsetting_class * thiz, cefviewpluingstate_enum value);
Definition:
void CCefSetting_setRemoteFonts(ccefsetting_class * thiz, cefviewpluingstate_enum value) {
  thiz->setRemoteFonts((cef_state_t)value);
}

******************************************
Method: remoteFonts
Parameters:
Declaration:
  CCEFVIEW_EXPORT cefviewpluingstate_enum CCefSetting_remoteFonts(ccefsetting_class * thiz);
Definition:
cefviewpluingstate_enum CCefSetting_remoteFonts(ccefsetting_class * thiz) {
  return (cef_state_t)thiz->remoteFonts();
}

******************************************
Method: setJavascript
Parameters:
  cefviewpluingstate_enum value
Declaration:
  CCEFVIEW_EXPORT void CCefSetting_setJavascript(ccefsetting_class * thiz, cefviewpluingstate_enum value);
Definition:
void CCefSetting_setJavascript(ccefsetting_class * thiz, cefviewpluingstate_enum value) {
  thiz->setJavascript((cef_state_t)value);
}

******************************************
Method: javascript
Parameters:
Declaration:
  CCEFVIEW_EXPORT cefviewpluingstate_enum CCefSetting_javascript(ccefsetting_class * thiz);
Definition:
cefviewpluingstate_enum CCefSetting_javascript(ccefsetting_class * thiz) {
  return (cef_state_t)thiz->javascript();
}

******************************************
Method: setJavascriptCloseWindows
Parameters:
  cefviewpluingstate_enum value
Declaration:
  CCEFVIEW_EXPORT void CCefSetting_setJavascriptCloseWindows(ccefsetting_class * thiz, cefviewpluingstate_enum value);
Definition:
void CCefSetting_setJavascriptCloseWindows(ccefsetting_class * thiz, cefviewpluingstate_enum value) {
  thiz->setJavascriptCloseWindows((cef_state_t)value);
}

******************************************
Method: javascriptCloseWindows
Parameters:
Declaration:
  CCEFVIEW_EXPORT cefviewpluingstate_enum CCefSetting_javascriptCloseWindows(ccefsetting_class * thiz);
Definition:
cefviewpluingstate_enum CCefSetting_javascriptCloseWindows(ccefsetting_class * thiz) {
  return (cef_state_t)thiz->javascriptCloseWindows();
}

******************************************
Method: setJavascriptAccessClipboard
Parameters:
  cefviewpluingstate_enum value
Declaration:
  CCEFVIEW_EXPORT void CCefSetting_setJavascriptAccessClipboard(ccefsetting_class * thiz, cefviewpluingstate_enum value);
Definition:
void CCefSetting_setJavascriptAccessClipboard(ccefsetting_class * thiz, cefviewpluingstate_enum value) {
  thiz->setJavascriptAccessClipboard((cef_state_t)value);
}

******************************************
Method: javascriptAccessClipboard
Parameters:
Declaration:
  CCEFVIEW_EXPORT cefviewpluingstate_enum CCefSetting_javascriptAccessClipboard(ccefsetting_class * thiz);
Definition:
cefviewpluingstate_enum CCefSetting_javascriptAccessClipboard(ccefsetting_class * thiz) {
  return (cef_state_t)thiz->javascriptAccessClipboard();
}

******************************************
Method: setJavascriptDomPaste
Parameters:
  cefviewpluingstate_enum value
Declaration:
  CCEFVIEW_EXPORT void CCefSetting_setJavascriptDomPaste(ccefsetting_class * thiz, cefviewpluingstate_enum value);
Definition:
void CCefSetting_setJavascriptDomPaste(ccefsetting_class * thiz, cefviewpluingstate_enum value) {
  thiz->setJavascriptDomPaste((cef_state_t)value);
}

******************************************
Method: javascriptDomPaste
Parameters:
Declaration:
  CCEFVIEW_EXPORT cefviewpluingstate_enum CCefSetting_javascriptDomPaste(ccefsetting_class * thiz);
Definition:
cefviewpluingstate_enum CCefSetting_javascriptDomPaste(ccefsetting_class * thiz) {
  return (cef_state_t)thiz->javascriptDomPaste();
}

******************************************
Method: setPlugins
Parameters:
  cefviewpluingstate_enum value
Declaration:
  CCEFVIEW_EXPORT void CCefSetting_setPlugins(ccefsetting_class * thiz, cefviewpluingstate_enum value);
Definition:
void CCefSetting_setPlugins(ccefsetting_class * thiz, cefviewpluingstate_enum value) {
  thiz->setPlugins((cef_state_t)value);
}

******************************************
Method: plugins
Parameters:
Declaration:
  CCEFVIEW_EXPORT cefviewpluingstate_enum CCefSetting_plugins(ccefsetting_class * thiz);
Definition:
cefviewpluingstate_enum CCefSetting_plugins(ccefsetting_class * thiz) {
  return (cef_state_t)thiz->plugins();
}

******************************************
Method: setImageLoading
Parameters:
  cefviewpluingstate_enum value
Declaration:
  CCEFVIEW_EXPORT void CCefSetting_setImageLoading(ccefsetting_class * thiz, cefviewpluingstate_enum value);
Definition:
void CCefSetting_setImageLoading(ccefsetting_class * thiz, cefviewpluingstate_enum value) {
  thiz->setImageLoading((cef_state_t)value);
}

******************************************
Method: imageLoading
Parameters:
Declaration:
  CCEFVIEW_EXPORT cefviewpluingstate_enum CCefSetting_imageLoading(ccefsetting_class * thiz);
Definition:
cefviewpluingstate_enum CCefSetting_imageLoading(ccefsetting_class * thiz) {
  return (cef_state_t)thiz->imageLoading();
}

******************************************
Method: setImageShrinkStandaloneToFit
Parameters:
  cefviewpluingstate_enum value
Declaration:
  CCEFVIEW_EXPORT void CCefSetting_setImageShrinkStandaloneToFit(ccefsetting_class * thiz, cefviewpluingstate_enum value);
Definition:
void CCefSetting_setImageShrinkStandaloneToFit(ccefsetting_class * thiz, cefviewpluingstate_enum value) {
  thiz->setImageShrinkStandaloneToFit((cef_state_t)value);
}

******************************************
Method: imageShrinkStandaloneToFit
Parameters:
Declaration:
  CCEFVIEW_EXPORT cefviewpluingstate_enum CCefSetting_imageShrinkStandaloneToFit(ccefsetting_class * thiz);
Definition:
cefviewpluingstate_enum CCefSetting_imageShrinkStandaloneToFit(ccefsetting_class * thiz) {
  return (cef_state_t)thiz->imageShrinkStandaloneToFit();
}

******************************************
Method: setTextAreaResize
Parameters:
  cefviewpluingstate_enum value
Declaration:
  CCEFVIEW_EXPORT void CCefSetting_setTextAreaResize(ccefsetting_class * thiz, cefviewpluingstate_enum value);
Definition:
void CCefSetting_setTextAreaResize(ccefsetting_class * thiz, cefviewpluingstate_enum value) {
  thiz->setTextAreaResize((cef_state_t)value);
}

******************************************
Method: textAreaResize
Parameters:
Declaration:
  CCEFVIEW_EXPORT cefviewpluingstate_enum CCefSetting_textAreaResize(ccefsetting_class * thiz);
Definition:
cefviewpluingstate_enum CCefSetting_textAreaResize(ccefsetting_class * thiz) {
  return (cef_state_t)thiz->textAreaResize();
}

******************************************
Method: setTabToLinks
Parameters:
  cefviewpluingstate_enum value
Declaration:
  CCEFVIEW_EXPORT void CCefSetting_setTabToLinks(ccefsetting_class * thiz, cefviewpluingstate_enum value);
Definition:
void CCefSetting_setTabToLinks(ccefsetting_class * thiz, cefviewpluingstate_enum value) {
  thiz->setTabToLinks((cef_state_t)value);
}

******************************************
Method: tabToLinks
Parameters:
Declaration:
  CCEFVIEW_EXPORT cefviewpluingstate_enum CCefSetting_tabToLinks(ccefsetting_class * thiz);
Definition:
cefviewpluingstate_enum CCefSetting_tabToLinks(ccefsetting_class * thiz) {
  return (cef_state_t)thiz->tabToLinks();
}

******************************************
Method: setLocalStorage
Parameters:
  cefviewpluingstate_enum value
Declaration:
  CCEFVIEW_EXPORT void CCefSetting_setLocalStorage(ccefsetting_class * thiz, cefviewpluingstate_enum value);
Definition:
void CCefSetting_setLocalStorage(ccefsetting_class * thiz, cefviewpluingstate_enum value) {
  thiz->setLocalStorage((cef_state_t)value);
}

******************************************
Method: localStorage
Parameters:
Declaration:
  CCEFVIEW_EXPORT cefviewpluingstate_enum CCefSetting_localStorage(ccefsetting_class * thiz);
Definition:
cefviewpluingstate_enum CCefSetting_localStorage(ccefsetting_class * thiz) {
  return (cef_state_t)thiz->localStorage();
}

******************************************
Method: setDatabases
Parameters:
  cefviewpluingstate_enum value
Declaration:
  CCEFVIEW_EXPORT void CCefSetting_setDatabases(ccefsetting_class * thiz, cefviewpluingstate_enum value);
Definition:
void CCefSetting_setDatabases(ccefsetting_class * thiz, cefviewpluingstate_enum value) {
  thiz->setDatabases((cef_state_t)value);
}

******************************************
Method: databases
Parameters:
Declaration:
  CCEFVIEW_EXPORT cefviewpluingstate_enum CCefSetting_databases(ccefsetting_class * thiz);
Definition:
cefviewpluingstate_enum CCefSetting_databases(ccefsetting_class * thiz) {
  return (cef_state_t)thiz->databases();
}

******************************************
Method: setWebGL
Parameters:
  cefviewpluingstate_enum value
Declaration:
  CCEFVIEW_EXPORT void CCefSetting_setWebGL(ccefsetting_class * thiz, cefviewpluingstate_enum value);
Definition:
void CCefSetting_setWebGL(ccefsetting_class * thiz, cefviewpluingstate_enum value) {
  thiz->setWebGL((cef_state_t)value);
}

******************************************
Method: webGL
Parameters:
Declaration:
  CCEFVIEW_EXPORT cefviewpluingstate_enum CCefSetting_webGL(ccefsetting_class * thiz);
Definition:
cefviewpluingstate_enum CCefSetting_webGL(ccefsetting_class * thiz) {
  return (cef_state_t)thiz->webGL();
}

******************************************
Method: setBackgroundColor
Parameters:
  const uint32_t & value
Declaration:
  CCEFVIEW_EXPORT void CCefSetting_setBackgroundColor(ccefsetting_class * thiz, const uint32_t & value);
Definition:
void CCefSetting_setBackgroundColor(ccefsetting_class * thiz, const uint32_t & value) {
  thiz->setBackgroundColor(value);
}

******************************************
Method: backgroundColor
Parameters:
Declaration:
  CCEFVIEW_EXPORT uint32_t CCefSetting_backgroundColor(ccefsetting_class * thiz);
Definition:
uint32_t CCefSetting_backgroundColor(ccefsetting_class * thiz) {
  return thiz->backgroundColor();
}

******************************************
Method: setHardwareAccelerationEnabled
Parameters:
  bool enabled
Declaration:
  CCEFVIEW_EXPORT void CCefSetting_setHardwareAccelerationEnabled(ccefsetting_class * thiz, bool enabled);
Definition:
void CCefSetting_setHardwareAccelerationEnabled(ccefsetting_class * thiz, bool enabled) {
  thiz->setHardwareAccelerationEnabled(enabled);
}

******************************************
Method: hardwareAccelerationEnabled
Parameters:
Declaration:
  CCEFVIEW_EXPORT bool CCefSetting_hardwareAccelerationEnabled(ccefsetting_class * thiz);
Definition:
bool CCefSetting_hardwareAccelerationEnabled(ccefsetting_class * thiz) {
  return thiz->hardwareAccelerationEnabled();
}

******************************************
Method: setExternalBeginFrameEnabled
Parameters:
  bool enabled
Declaration:
  CCEFVIEW_EXPORT void CCefSetting_setExternalBeginFrameEnabled(ccefsetting_class * thiz, bool enabled);
Definition:
void CCefSetting_setExternalBeginFrameEnabled(ccefsetting_class * thiz, bool enabled) {
  thiz->setExternalBeginFrameEnabled(enabled);
}

******************************************
Method: externalBeginFrameEnabled
Parameters:
Declaration:
  CCEFVIEW_EXPORT bool CCefSetting_externalBeginFrameEnabled(ccefsetting_class * thiz);
Definition:
bool CCefSetting_externalBeginFrameEnabled(ccefsetting_class * thiz) {
  return thiz->externalBeginFrameEnabled();
}

* Found class clause: CCefSetting, CursorKind.CLASS_DECL
******************************************
Constructor: CCefSetting
  Parameters:
        // Source: CCefSetting()
        [DllImport("CCefView")]
        private static extern IntPtr CCefSetting_new0();

******************************************
Method: setStandardFontFamily
  Parameters:
    <pp2xlang.generator.csharp.Parameter object at 0x0000027D431BCA90>
Definition:
        // Source: void setStandardFontFamily(const std::string &)
        [DllImport("CCefView")]
        private static extern void CCefSetting_setStandardFontFamily(IntPtr thiz, [MarshalAs(UnmanagedType.LPUTF8Str)] string value);
        public void SetStandardFontFamily(string value)
        {
            CCefSetting_setStandardFontFamily(_native, value);
        }

******************************************
Method: standardFontFamily
  Parameters:
Definition:
        // Source: const std::string & standardFontFamily()
        [DllImport("CCefView")]
        private static extern IntPtr CCefSetting_standardFontFamily(IntPtr thiz);
        public string StandardFontFamily()
        {
            return Marshal.PtrToStringUTF8(CCefSetting_standardFontFamily(_native));
        }

******************************************
Method: setFixedFontFamily
  Parameters:
    <pp2xlang.generator.csharp.Parameter object at 0x0000027D431BE350>
Definition:
        // Source: void setFixedFontFamily(const std::string &)
        [DllImport("CCefView")]
        private static extern void CCefSetting_setFixedFontFamily(IntPtr thiz, [MarshalAs(UnmanagedType.LPUTF8Str)] string value);
        public void SetFixedFontFamily(string value)
        {
            CCefSetting_setFixedFontFamily(_native, value);
        }

******************************************
Method: fixedFontFamily
  Parameters:
Definition:
        // Source: const std::string & fixedFontFamily()
        [DllImport("CCefView")]
        private static extern IntPtr CCefSetting_fixedFontFamily(IntPtr thiz);
        public string FixedFontFamily()
        {
            return Marshal.PtrToStringUTF8(CCefSetting_fixedFontFamily(_native));
        }

******************************************
Method: setSerifFontFamily
  Parameters:
    <pp2xlang.generator.csharp.Parameter object at 0x0000027D431BCC90>
Definition:
        // Source: void setSerifFontFamily(const std::string &)
        [DllImport("CCefView")]
        private static extern void CCefSetting_setSerifFontFamily(IntPtr thiz, [MarshalAs(UnmanagedType.LPUTF8Str)] string value);
        public void SetSerifFontFamily(string value)
        {
            CCefSetting_setSerifFontFamily(_native, value);
        }

******************************************
Method: serifFontFamily
  Parameters:
Definition:
        // Source: const std::string & serifFontFamily()
        [DllImport("CCefView")]
        private static extern IntPtr CCefSetting_serifFontFamily(IntPtr thiz);
        public string SerifFontFamily()
        {
            return Marshal.PtrToStringUTF8(CCefSetting_serifFontFamily(_native));
        }

******************************************
Method: setSansSerifFontFamily
  Parameters:
    <pp2xlang.generator.csharp.Parameter object at 0x0000027D431BE590>
Definition:
        // Source: void setSansSerifFontFamily(const std::string &)
        [DllImport("CCefView")]
        private static extern void CCefSetting_setSansSerifFontFamily(IntPtr thiz, [MarshalAs(UnmanagedType.LPUTF8Str)] string value);
        public void SetSansSerifFontFamily(string value)
        {
            CCefSetting_setSansSerifFontFamily(_native, value);
        }

******************************************
Method: sansSerifFontFamily
  Parameters:
Definition:
        // Source: const std::string & sansSerifFontFamily()
        [DllImport("CCefView")]
        private static extern IntPtr CCefSetting_sansSerifFontFamily(IntPtr thiz);
        public string SansSerifFontFamily()
        {
            return Marshal.PtrToStringUTF8(CCefSetting_sansSerifFontFamily(_native));
        }

******************************************
Method: setCursiveFontFamily
  Parameters:
    <pp2xlang.generator.csharp.Parameter object at 0x0000027D431BE650>
Definition:
        // Source: void setCursiveFontFamily(const std::string &)
        [DllImport("CCefView")]
        private static extern void CCefSetting_setCursiveFontFamily(IntPtr thiz, [MarshalAs(UnmanagedType.LPUTF8Str)] string value);
        public void SetCursiveFontFamily(string value)
        {
            CCefSetting_setCursiveFontFamily(_native, value);
        }

******************************************
Method: cursiveFontFamily
  Parameters:
Definition:
        // Source: const std::string & cursiveFontFamily()
        [DllImport("CCefView")]
        private static extern IntPtr CCefSetting_cursiveFontFamily(IntPtr thiz);
        public string CursiveFontFamily()
        {
            return Marshal.PtrToStringUTF8(CCefSetting_cursiveFontFamily(_native));
        }

******************************************
Method: setFantasyFontFamily
  Parameters:
    <pp2xlang.generator.csharp.Parameter object at 0x0000027D431BE590>
Definition:
        // Source: void setFantasyFontFamily(const std::string &)
        [DllImport("CCefView")]
        private static extern void CCefSetting_setFantasyFontFamily(IntPtr thiz, [MarshalAs(UnmanagedType.LPUTF8Str)] string value);
        public void SetFantasyFontFamily(string value)
        {
            CCefSetting_setFantasyFontFamily(_native, value);
        }

******************************************
Method: fantasyFontFamily
  Parameters:
Definition:
        // Source: const std::string & fantasyFontFamily()
        [DllImport("CCefView")]
        private static extern IntPtr CCefSetting_fantasyFontFamily(IntPtr thiz);
        public string FantasyFontFamily()
        {
            return Marshal.PtrToStringUTF8(CCefSetting_fantasyFontFamily(_native));
        }

******************************************
Method: setDefaultEncoding
  Parameters:
    <pp2xlang.generator.csharp.Parameter object at 0x0000027D431BE650>
Definition:
        // Source: void setDefaultEncoding(const std::string &)
        [DllImport("CCefView")]
        private static extern void CCefSetting_setDefaultEncoding(IntPtr thiz, [MarshalAs(UnmanagedType.LPUTF8Str)] string value);
        public void SetDefaultEncoding(string value)
        {
            CCefSetting_setDefaultEncoding(_native, value);
        }

******************************************
Method: defaultEncoding
  Parameters:
Definition:
        // Source: const std::string & defaultEncoding()
        [DllImport("CCefView")]
        private static extern IntPtr CCefSetting_defaultEncoding(IntPtr thiz);
        public string DefaultEncoding()
        {
            return Marshal.PtrToStringUTF8(CCefSetting_defaultEncoding(_native));
        }

******************************************
Method: setAcceptLanguageList
  Parameters:
    <pp2xlang.generator.csharp.Parameter object at 0x0000027D431BE2D0>
Definition:
        // Source: void setAcceptLanguageList(const std::string &)
        [DllImport("CCefView")]
        private static extern void CCefSetting_setAcceptLanguageList(IntPtr thiz, [MarshalAs(UnmanagedType.LPUTF8Str)] string value);
        public void SetAcceptLanguageList(string value)
        {
            CCefSetting_setAcceptLanguageList(_native, value);
        }

******************************************
Method: acceptLanguageList
  Parameters:
Definition:
        // Source: const std::string & acceptLanguageList()
        [DllImport("CCefView")]
        private static extern IntPtr CCefSetting_acceptLanguageList(IntPtr thiz);
        public string AcceptLanguageList()
        {
            return Marshal.PtrToStringUTF8(CCefSetting_acceptLanguageList(_native));
        }

******************************************
Method: setWindowlessFrameRate
  Parameters:
    <pp2xlang.generator.csharp.Parameter object at 0x0000027D431BE650>
Definition:
        // Source: void setWindowlessFrameRate(const int)
        [DllImport("CCefView")]
        private static extern void CCefSetting_setWindowlessFrameRate(IntPtr thiz, int value);
        public void SetWindowlessFrameRate(int value)
        {
            CCefSetting_setWindowlessFrameRate(_native, value);
        }

******************************************
Method: windowlessFrameRate
  Parameters:
Definition:
        // Source: int windowlessFrameRate()
        [DllImport("CCefView")]
        private static extern int CCefSetting_windowlessFrameRate(IntPtr thiz);
        public int WindowlessFrameRate()
        {
            return CCefSetting_windowlessFrameRate(_native);
        }

******************************************
Method: setWindowlessRenderingEnabled
  Parameters:
    <pp2xlang.generator.csharp.Parameter object at 0x0000027D431BE710>
Definition:
        // Source: void setWindowlessRenderingEnabled(bool)
        [DllImport("CCefView")]
        private static extern void CCefSetting_setWindowlessRenderingEnabled(IntPtr thiz, [MarshalAs(UnmanagedType.I1)] bool enabled);
        public void SetWindowlessRenderingEnabled(bool enabled)
        {
            CCefSetting_setWindowlessRenderingEnabled(_native, enabled);
        }

******************************************
Method: windowlessRenderingEnabled
  Parameters:
Definition:
        // Source: bool windowlessRenderingEnabled()
        [DllImport("CCefView")]
        [return: MarshalAs(UnmanagedType.I1)]
        private static extern bool CCefSetting_windowlessRenderingEnabled(IntPtr thiz);
        public bool WindowlessRenderingEnabled()
        {
            return CCefSetting_windowlessRenderingEnabled(_native);
        }

******************************************
Method: setDefaultFontSize
  Parameters:
    <pp2xlang.generator.csharp.Parameter object at 0x0000027D431BE710>
Definition:
        // Source: void setDefaultFontSize(const int)
        [DllImport("CCefView")]
        private static extern void CCefSetting_setDefaultFontSize(IntPtr thiz, int value);
        public void SetDefaultFontSize(int value)
        {
            CCefSetting_setDefaultFontSize(_native, value);
        }

******************************************
Method: defaultFontSize
  Parameters:
Definition:
        // Source: int defaultFontSize()
        [DllImport("CCefView")]
        private static extern int CCefSetting_defaultFontSize(IntPtr thiz);
        public int DefaultFontSize()
        {
            return CCefSetting_defaultFontSize(_native);
        }

******************************************
Method: setDefaultFixedFontSize
  Parameters:
    <pp2xlang.generator.csharp.Parameter object at 0x0000027D431BE3D0>
Definition:
        // Source: void setDefaultFixedFontSize(const int)
        [DllImport("CCefView")]
        private static extern void CCefSetting_setDefaultFixedFontSize(IntPtr thiz, int value);
        public void SetDefaultFixedFontSize(int value)
        {
            CCefSetting_setDefaultFixedFontSize(_native, value);
        }

******************************************
Method: defaultFixedFontSize
  Parameters:
Definition:
        // Source: int defaultFixedFontSize()
        [DllImport("CCefView")]
        private static extern int CCefSetting_defaultFixedFontSize(IntPtr thiz);
        public int DefaultFixedFontSize()
        {
            return CCefSetting_defaultFixedFontSize(_native);
        }

******************************************
Method: setMinimumFontSize
  Parameters:
    <pp2xlang.generator.csharp.Parameter object at 0x0000027D431BE3D0>
Definition:
        // Source: void setMinimumFontSize(const int)
        [DllImport("CCefView")]
        private static extern void CCefSetting_setMinimumFontSize(IntPtr thiz, int value);
        public void SetMinimumFontSize(int value)
        {
            CCefSetting_setMinimumFontSize(_native, value);
        }

******************************************
Method: minimumFontSize
  Parameters:
Definition:
        // Source: int minimumFontSize()
        [DllImport("CCefView")]
        private static extern int CCefSetting_minimumFontSize(IntPtr thiz);
        public int MinimumFontSize()
        {
            return CCefSetting_minimumFontSize(_native);
        }

******************************************
Method: setMinimumLogicalFontSize
  Parameters:
    <pp2xlang.generator.csharp.Parameter object at 0x0000027D431BE8D0>
Definition:
        // Source: void setMinimumLogicalFontSize(const int)
        [DllImport("CCefView")]
        private static extern void CCefSetting_setMinimumLogicalFontSize(IntPtr thiz, int value);
        public void SetMinimumLogicalFontSize(int value)
        {
            CCefSetting_setMinimumLogicalFontSize(_native, value);
        }

******************************************
Method: minimumLogicalFontSize
  Parameters:
Definition:
        // Source: int minimumLogicalFontSize()
        [DllImport("CCefView")]
        private static extern int CCefSetting_minimumLogicalFontSize(IntPtr thiz);
        public int MinimumLogicalFontSize()
        {
            return CCefSetting_minimumLogicalFontSize(_native);
        }

******************************************
Method: setRemoteFonts
  Parameters:
    <pp2xlang.generator.csharp.Parameter object at 0x0000027D431BE390>
Definition:
        // Source: void setRemoteFonts(CefViewPluingState)
        [DllImport("CCefView")]
        private static extern void CCefSetting_setRemoteFonts(IntPtr thiz, CefViewPluingState value);
        public void SetRemoteFonts(CefViewPluingState value)
        {
            CCefSetting_setRemoteFonts(_native, value);
        }

******************************************
Method: remoteFonts
  Parameters:
Definition:
        // Source: CefViewPluingState remoteFonts()
        [DllImport("CCefView")]
        private static extern CefViewPluingState CCefSetting_remoteFonts(IntPtr thiz);
        public CefViewPluingState RemoteFonts()
        {
            return CCefSetting_remoteFonts(_native);
        }

******************************************
Method: setJavascript
  Parameters:
    <pp2xlang.generator.csharp.Parameter object at 0x0000027D431BEA10>
Definition:
        // Source: void setJavascript(CefViewPluingState)
        [DllImport("CCefView")]
        private static extern void CCefSetting_setJavascript(IntPtr thiz, CefViewPluingState value);
        public void SetJavascript(CefViewPluingState value)
        {
            CCefSetting_setJavascript(_native, value);
        }

******************************************
Method: javascript
  Parameters:
Definition:
        // Source: CefViewPluingState javascript()
        [DllImport("CCefView")]
        private static extern CefViewPluingState CCefSetting_javascript(IntPtr thiz);
        public CefViewPluingState Javascript()
        {
            return CCefSetting_javascript(_native);
        }

******************************************
Method: setJavascriptCloseWindows
  Parameters:
    <pp2xlang.generator.csharp.Parameter object at 0x0000027D431BE8D0>
Definition:
        // Source: void setJavascriptCloseWindows(CefViewPluingState)
        [DllImport("CCefView")]
        private static extern void CCefSetting_setJavascriptCloseWindows(IntPtr thiz, CefViewPluingState value);
        public void SetJavascriptCloseWindows(CefViewPluingState value)
        {
            CCefSetting_setJavascriptCloseWindows(_native, value);
        }

******************************************
Method: javascriptCloseWindows
  Parameters:
Definition:
        // Source: CefViewPluingState javascriptCloseWindows()
        [DllImport("CCefView")]
        private static extern CefViewPluingState CCefSetting_javascriptCloseWindows(IntPtr thiz);
        public CefViewPluingState JavascriptCloseWindows()
        {
            return CCefSetting_javascriptCloseWindows(_native);
        }

******************************************
Method: setJavascriptAccessClipboard
  Parameters:
    <pp2xlang.generator.csharp.Parameter object at 0x0000027D431BCFD0>
Definition:
        // Source: void setJavascriptAccessClipboard(CefViewPluingState)
        [DllImport("CCefView")]
        private static extern void CCefSetting_setJavascriptAccessClipboard(IntPtr thiz, CefViewPluingState value);
        public void SetJavascriptAccessClipboard(CefViewPluingState value)
        {
            CCefSetting_setJavascriptAccessClipboard(_native, value);
        }

******************************************
Method: javascriptAccessClipboard
  Parameters:
Definition:
        // Source: CefViewPluingState javascriptAccessClipboard()
        [DllImport("CCefView")]
        private static extern CefViewPluingState CCefSetting_javascriptAccessClipboard(IntPtr thiz);
        public CefViewPluingState JavascriptAccessClipboard()
        {
            return CCefSetting_javascriptAccessClipboard(_native);
        }

******************************************
Method: setJavascriptDomPaste
  Parameters:
    <pp2xlang.generator.csharp.Parameter object at 0x0000027D431BE390>
Definition:
        // Source: void setJavascriptDomPaste(CefViewPluingState)
        [DllImport("CCefView")]
        private static extern void CCefSetting_setJavascriptDomPaste(IntPtr thiz, CefViewPluingState value);
        public void SetJavascriptDomPaste(CefViewPluingState value)
        {
            CCefSetting_setJavascriptDomPaste(_native, value);
        }

******************************************
Method: javascriptDomPaste
  Parameters:
Definition:
        // Source: CefViewPluingState javascriptDomPaste()
        [DllImport("CCefView")]
        private static extern CefViewPluingState CCefSetting_javascriptDomPaste(IntPtr thiz);
        public CefViewPluingState JavascriptDomPaste()
        {
            return CCefSetting_javascriptDomPaste(_native);
        }

******************************************
Method: setPlugins
  Parameters:
    <pp2xlang.generator.csharp.Parameter object at 0x0000027D431BCFD0>
Definition:
        // Source: void setPlugins(CefViewPluingState)
        [DllImport("CCefView")]
        private static extern void CCefSetting_setPlugins(IntPtr thiz, CefViewPluingState value);
        public void SetPlugins(CefViewPluingState value)
        {
            CCefSetting_setPlugins(_native, value);
        }

******************************************
Method: plugins
  Parameters:
Definition:
        // Source: CefViewPluingState plugins()
        [DllImport("CCefView")]
        private static extern CefViewPluingState CCefSetting_plugins(IntPtr thiz);
        public CefViewPluingState Plugins()
        {
            return CCefSetting_plugins(_native);
        }

******************************************
Method: setImageLoading
  Parameters:
    <pp2xlang.generator.csharp.Parameter object at 0x0000027D431BED50>
Definition:
        // Source: void setImageLoading(CefViewPluingState)
        [DllImport("CCefView")]
        private static extern void CCefSetting_setImageLoading(IntPtr thiz, CefViewPluingState value);
        public void SetImageLoading(CefViewPluingState value)
        {
            CCefSetting_setImageLoading(_native, value);
        }

******************************************
Method: imageLoading
  Parameters:
Definition:
        // Source: CefViewPluingState imageLoading()
        [DllImport("CCefView")]
        private static extern CefViewPluingState CCefSetting_imageLoading(IntPtr thiz);
        public CefViewPluingState ImageLoading()
        {
            return CCefSetting_imageLoading(_native);
        }

******************************************
Method: setImageShrinkStandaloneToFit
  Parameters:
    <pp2xlang.generator.csharp.Parameter object at 0x0000027D431BE790>
Definition:
        // Source: void setImageShrinkStandaloneToFit(CefViewPluingState)
        [DllImport("CCefView")]
        private static extern void CCefSetting_setImageShrinkStandaloneToFit(IntPtr thiz, CefViewPluingState value);
        public void SetImageShrinkStandaloneToFit(CefViewPluingState value)
        {
            CCefSetting_setImageShrinkStandaloneToFit(_native, value);
        }

******************************************
Method: imageShrinkStandaloneToFit
  Parameters:
Definition:
        // Source: CefViewPluingState imageShrinkStandaloneToFit()
        [DllImport("CCefView")]
        private static extern CefViewPluingState CCefSetting_imageShrinkStandaloneToFit(IntPtr thiz);
        public CefViewPluingState ImageShrinkStandaloneToFit()
        {
            return CCefSetting_imageShrinkStandaloneToFit(_native);
        }

******************************************
Method: setTextAreaResize
  Parameters:
    <pp2xlang.generator.csharp.Parameter object at 0x0000027D431BD1D0>
Definition:
        // Source: void setTextAreaResize(CefViewPluingState)
        [DllImport("CCefView")]
        private static extern void CCefSetting_setTextAreaResize(IntPtr thiz, CefViewPluingState value);
        public void SetTextAreaResize(CefViewPluingState value)
        {
            CCefSetting_setTextAreaResize(_native, value);
        }

******************************************
Method: textAreaResize
  Parameters:
Definition:
        // Source: CefViewPluingState textAreaResize()
        [DllImport("CCefView")]
        private static extern CefViewPluingState CCefSetting_textAreaResize(IntPtr thiz);
        public CefViewPluingState TextAreaResize()
        {
            return CCefSetting_textAreaResize(_native);
        }

******************************************
Method: setTabToLinks
  Parameters:
    <pp2xlang.generator.csharp.Parameter object at 0x0000027D431BCF50>
Definition:
        // Source: void setTabToLinks(CefViewPluingState)
        [DllImport("CCefView")]
        private static extern void CCefSetting_setTabToLinks(IntPtr thiz, CefViewPluingState value);
        public void SetTabToLinks(CefViewPluingState value)
        {
            CCefSetting_setTabToLinks(_native, value);
        }

******************************************
Method: tabToLinks
  Parameters:
Definition:
        // Source: CefViewPluingState tabToLinks()
        [DllImport("CCefView")]
        private static extern CefViewPluingState CCefSetting_tabToLinks(IntPtr thiz);
        public CefViewPluingState TabToLinks()
        {
            return CCefSetting_tabToLinks(_native);
        }

******************************************
Method: setLocalStorage
  Parameters:
    <pp2xlang.generator.csharp.Parameter object at 0x0000027D431BF010>
Definition:
        // Source: void setLocalStorage(CefViewPluingState)
        [DllImport("CCefView")]
        private static extern void CCefSetting_setLocalStorage(IntPtr thiz, CefViewPluingState value);
        public void SetLocalStorage(CefViewPluingState value)
        {
            CCefSetting_setLocalStorage(_native, value);
        }

******************************************
Method: localStorage
  Parameters:
Definition:
        // Source: CefViewPluingState localStorage()
        [DllImport("CCefView")]
        private static extern CefViewPluingState CCefSetting_localStorage(IntPtr thiz);
        public CefViewPluingState LocalStorage()
        {
            return CCefSetting_localStorage(_native);
        }

******************************************
Method: setDatabases
  Parameters:
    <pp2xlang.generator.csharp.Parameter object at 0x0000027D431BC7D0>
Definition:
        // Source: void setDatabases(CefViewPluingState)
        [DllImport("CCefView")]
        private static extern void CCefSetting_setDatabases(IntPtr thiz, CefViewPluingState value);
        public void SetDatabases(CefViewPluingState value)
        {
            CCefSetting_setDatabases(_native, value);
        }

******************************************
Method: databases
  Parameters:
Definition:
        // Source: CefViewPluingState databases()
        [DllImport("CCefView")]
        private static extern CefViewPluingState CCefSetting_databases(IntPtr thiz);
        public CefViewPluingState Databases()
        {
            return CCefSetting_databases(_native);
        }

******************************************
Method: setWebGL
  Parameters:
    <pp2xlang.generator.csharp.Parameter object at 0x0000027D431BF290>
Definition:
        // Source: void setWebGL(CefViewPluingState)
        [DllImport("CCefView")]
        private static extern void CCefSetting_setWebGL(IntPtr thiz, CefViewPluingState value);
        public void SetWebGL(CefViewPluingState value)
        {
            CCefSetting_setWebGL(_native, value);
        }

******************************************
Method: webGL
  Parameters:
Definition:
        // Source: CefViewPluingState webGL()
        [DllImport("CCefView")]
        private static extern CefViewPluingState CCefSetting_webGL(IntPtr thiz);
        public CefViewPluingState WebGL()
        {
            return CCefSetting_webGL(_native);
        }

******************************************
Method: setBackgroundColor
  Parameters:
    <pp2xlang.generator.csharp.Parameter object at 0x0000027D431BF510>
Definition:
        // Source: void setBackgroundColor(const uint32_t &)
        [DllImport("CCefView")]
        private static extern void CCefSetting_setBackgroundColor(IntPtr thiz, UInt32 value);
        public void SetBackgroundColor(UInt32 value)
        {
            CCefSetting_setBackgroundColor(_native, value);
        }

******************************************
Method: backgroundColor
  Parameters:
Definition:
        // Source: uint32_t backgroundColor()
        [DllImport("CCefView")]
        private static extern UInt32 CCefSetting_backgroundColor(IntPtr thiz);
        public UInt32 BackgroundColor()
        {
            return CCefSetting_backgroundColor(_native);
        }

******************************************
Method: setHardwareAccelerationEnabled
  Parameters:
    <pp2xlang.generator.csharp.Parameter object at 0x0000027D431BF610>
Definition:
        // Source: void setHardwareAccelerationEnabled(bool)
        [DllImport("CCefView")]
        private static extern void CCefSetting_setHardwareAccelerationEnabled(IntPtr thiz, [MarshalAs(UnmanagedType.I1)] bool enabled);
        public void SetHardwareAccelerationEnabled(bool enabled)
        {
            CCefSetting_setHardwareAccelerationEnabled(_native, enabled);
        }

******************************************
Method: hardwareAccelerationEnabled
  Parameters:
Definition:
        // Source: bool hardwareAccelerationEnabled()
        [DllImport("CCefView")]
        [return: MarshalAs(UnmanagedType.I1)]
        private static extern bool CCefSetting_hardwareAccelerationEnabled(IntPtr thiz);
        public bool HardwareAccelerationEnabled()
        {
            return CCefSetting_hardwareAccelerationEnabled(_native);
        }

******************************************
Method: setExternalBeginFrameEnabled
  Parameters:
    <pp2xlang.generator.csharp.Parameter object at 0x0000027D431BF590>
Definition:
        // Source: void setExternalBeginFrameEnabled(bool)
        [DllImport("CCefView")]
        private static extern void CCefSetting_setExternalBeginFrameEnabled(IntPtr thiz, [MarshalAs(UnmanagedType.I1)] bool enabled);
        public void SetExternalBeginFrameEnabled(bool enabled)
        {
            CCefSetting_setExternalBeginFrameEnabled(_native, enabled);
        }

******************************************
Method: externalBeginFrameEnabled
  Parameters:
Definition:
        // Source: bool externalBeginFrameEnabled()
        [DllImport("CCefView")]
        [return: MarshalAs(UnmanagedType.I1)]
        private static extern bool CCefSetting_externalBeginFrameEnabled(IntPtr thiz);
        public bool ExternalBeginFrameEnabled()
        {
            return CCefSetting_externalBeginFrameEnabled(_native);
        }

src/CCefView/include\CefBrowserCallback.h
src/CCefView/include\CefContext.h
* Found class clause: CefDragData, CursorKind.CLASS_DECL
  typedef struct CefDragData cefdragdata_class;

  CCEFVIEW_EXPORT void CefDragData_Delete(cefdragdata_class * thiz);
void CefDragData_Delete(cefdragdata_class * thiz) {
  return delete thiz;
}

* Found class clause: CefDragData, CursorKind.CLASS_DECL
* Found class clause: CefJSDialogCallback, CursorKind.CLASS_DECL
  typedef struct CefJSDialogCallback cefjsdialogcallback_class;

  CCEFVIEW_EXPORT void CefJSDialogCallback_Delete(cefjsdialogcallback_class * thiz);
void CefJSDialogCallback_Delete(cefjsdialogcallback_class * thiz) {
  return delete thiz;
}

* Found class clause: CefJSDialogCallback, CursorKind.CLASS_DECL
* Found class clause: CCefBrowser, CursorKind.CLASS_DECL
  typedef struct CCefBrowser ccefbrowser_class;

  CCEFVIEW_EXPORT void CCefBrowser_Delete(ccefbrowser_class * thiz);
void CCefBrowser_Delete(ccefbrowser_class * thiz) {
  return delete thiz;
}

Constructor: CCefBrowser
Parameters:
  cefbrowsercallback_struct callback
  const char * url
  const ccefsetting_class * setting
  CCEFVIEW_EXPORT ccefbrowser_class * CCefBrowser_new0(cefbrowsercallback_struct callback, const char * url, const ccefsetting_class * setting);
ccefbrowser_class * CCefBrowser_new0(cefbrowsercallback_struct callback, const char * url, const ccefsetting_class * setting) {
  return new CCefBrowser(callback, url, setting);
}

******************************************
Method: start
Parameters:
Declaration:
  CCEFVIEW_EXPORT void CCefBrowser_start(ccefbrowser_class * thiz);
Definition:
void CCefBrowser_start(ccefbrowser_class * thiz) {
  thiz->start();
}

******************************************
Method: addLocalFolderResource
Parameters:
  const char * path
  const char * url
  int priority
Declaration:
  CCEFVIEW_EXPORT void CCefBrowser_addLocalFolderResource(ccefbrowser_class * thiz, const char * path, const char * url, int priority);
Definition:
void CCefBrowser_addLocalFolderResource(ccefbrowser_class * thiz, const char * path, const char * url, int priority) {
  thiz->addLocalFolderResource(path, url, priority);
}

******************************************
Method: addArchiveResource
Parameters:
  const char * path
  const char * url
  const char * password
  int priority
Declaration:
  CCEFVIEW_EXPORT void CCefBrowser_addArchiveResource(ccefbrowser_class * thiz, const char * path, const char * url, const char * password, int priority);
Definition:
void CCefBrowser_addArchiveResource(ccefbrowser_class * thiz, const char * path, const char * url, const char * password, int priority) {
  thiz->addArchiveResource(path, url, password, priority);
}

******************************************
Method: browserId
Parameters:
Declaration:
  CCEFVIEW_EXPORT int CCefBrowser_browserId(ccefbrowser_class * thiz);
Definition:
int CCefBrowser_browserId(ccefbrowser_class * thiz) {
  return thiz->browserId();
}

******************************************
Method: navigateToString
Parameters:
  const char * content
Declaration:
  CCEFVIEW_EXPORT void CCefBrowser_navigateToString(ccefbrowser_class * thiz, const char * content);
Definition:
void CCefBrowser_navigateToString(ccefbrowser_class * thiz, const char * content) {
  thiz->navigateToString(content);
}

******************************************
Method: navigateToUrl
Parameters:
  const char * url
Declaration:
  CCEFVIEW_EXPORT void CCefBrowser_navigateToUrl(ccefbrowser_class * thiz, const char * url);
Definition:
void CCefBrowser_navigateToUrl(ccefbrowser_class * thiz, const char * url) {
  thiz->navigateToUrl(url);
}

******************************************
Method: canGoBack
Parameters:
Declaration:
  CCEFVIEW_EXPORT bool CCefBrowser_canGoBack(ccefbrowser_class * thiz);
Definition:
bool CCefBrowser_canGoBack(ccefbrowser_class * thiz) {
  return thiz->canGoBack();
}

******************************************
Method: canGoForward
Parameters:
Declaration:
  CCEFVIEW_EXPORT bool CCefBrowser_canGoForward(ccefbrowser_class * thiz);
Definition:
bool CCefBrowser_canGoForward(ccefbrowser_class * thiz) {
  return thiz->canGoForward();
}

******************************************
Method: goBack
Parameters:
Declaration:
  CCEFVIEW_EXPORT void CCefBrowser_goBack(ccefbrowser_class * thiz);
Definition:
void CCefBrowser_goBack(ccefbrowser_class * thiz) {
  thiz->goBack();
}

******************************************
Method: goForward
Parameters:
Declaration:
  CCEFVIEW_EXPORT void CCefBrowser_goForward(ccefbrowser_class * thiz);
Definition:
void CCefBrowser_goForward(ccefbrowser_class * thiz) {
  thiz->goForward();
}

******************************************
Method: isLoading
Parameters:
Declaration:
  CCEFVIEW_EXPORT bool CCefBrowser_isLoading(ccefbrowser_class * thiz);
Definition:
bool CCefBrowser_isLoading(ccefbrowser_class * thiz) {
  return thiz->isLoading();
}

******************************************
Method: reload
Parameters:
Declaration:
  CCEFVIEW_EXPORT void CCefBrowser_reload(ccefbrowser_class * thiz);
Definition:
void CCefBrowser_reload(ccefbrowser_class * thiz) {
  thiz->reload();
}

******************************************
Method: stopLoad
Parameters:
Declaration:
  CCEFVIEW_EXPORT void CCefBrowser_stopLoad(ccefbrowser_class * thiz);
Definition:
void CCefBrowser_stopLoad(ccefbrowser_class * thiz) {
  thiz->stopLoad();
}

******************************************
Method: triggerEventOnMainFrame
Parameters:
  const char * evtName
  const char * evtArgs
Declaration:
  CCEFVIEW_EXPORT bool CCefBrowser_triggerEventOnMainFrame(ccefbrowser_class * thiz, const char * evtName, const char * evtArgs);
Definition:
bool CCefBrowser_triggerEventOnMainFrame(ccefbrowser_class * thiz, const char * evtName, const char * evtArgs) {
  return thiz->triggerEventOnMainFrame(evtName, evtArgs);
}

******************************************
Method: triggerEventOnFrame
Parameters:
  const char * evtName
  const char * evtArgs
  const char * frameId
Declaration:
  CCEFVIEW_EXPORT bool CCefBrowser_triggerEventOnFrame(ccefbrowser_class * thiz, const char * evtName, const char * evtArgs, const char * frameId);
Definition:
bool CCefBrowser_triggerEventOnFrame(ccefbrowser_class * thiz, const char * evtName, const char * evtArgs, const char * frameId) {
  return thiz->triggerEventOnFrame(evtName, evtArgs, frameId);
}

******************************************
Method: broadcastEvent
Parameters:
  const char * evtName
  const char * evtArgs
Declaration:
  CCEFVIEW_EXPORT bool CCefBrowser_broadcastEvent(ccefbrowser_class * thiz, const char * evtName, const char * evtArgs);
Definition:
bool CCefBrowser_broadcastEvent(ccefbrowser_class * thiz, const char * evtName, const char * evtArgs) {
  return thiz->broadcastEvent(evtName, evtArgs);
}

******************************************
Method: triggerEvent
Parameters:
  const char * name
  const char * args
  const char * frameId
Declaration:
  CCEFVIEW_EXPORT bool CCefBrowser_triggerEvent(ccefbrowser_class * thiz, const char * name, const char * args, const char * frameId);
Definition:
bool CCefBrowser_triggerEvent(ccefbrowser_class * thiz, const char * name, const char * args, const char * frameId) {
  return thiz->triggerEvent(name, args, frameId);
}

******************************************
Method: responseQCefQuery
Parameters:
  const ccefquery_class * query
Declaration:
  CCEFVIEW_EXPORT bool CCefBrowser_responseQCefQuery(ccefbrowser_class * thiz, const ccefquery_class * query);
Definition:
bool CCefBrowser_responseQCefQuery(ccefbrowser_class * thiz, const ccefquery_class * query) {
  return thiz->responseQCefQuery(query);
}

******************************************
Method: executeJavascript
Parameters:
  const char * frameId
  const char * code
  const char * url
Declaration:
  CCEFVIEW_EXPORT bool CCefBrowser_executeJavascript(ccefbrowser_class * thiz, const char * frameId, const char * code, const char * url);
Definition:
bool CCefBrowser_executeJavascript(ccefbrowser_class * thiz, const char * frameId, const char * code, const char * url) {
  return thiz->executeJavascript(frameId, code, url);
}

******************************************
Method: executeJavascriptWithResult
Parameters:
  const char * frameId
  const char * code
  const char * url
  const char * context
Declaration:
  CCEFVIEW_EXPORT bool CCefBrowser_executeJavascriptWithResult(ccefbrowser_class * thiz, const char * frameId, const char * code, const char * url, const char * context);
Definition:
bool CCefBrowser_executeJavascriptWithResult(ccefbrowser_class * thiz, const char * frameId, const char * code, const char * url, const char * context) {
  return thiz->executeJavascriptWithResult(frameId, code, url, context);
}

******************************************
Method: setPreference
Parameters:
  const char * name
  const char * value
Declaration:
  CCEFVIEW_EXPORT bool CCefBrowser_setPreference(ccefbrowser_class * thiz, const char * name, const char * value);
Definition:
bool CCefBrowser_setPreference(ccefbrowser_class * thiz, const char * name, const char * value) {
  return thiz->setPreference(name, value);
}

******************************************
Method: setDisablePopupContextMenu
Parameters:
  bool disable
Declaration:
  CCEFVIEW_EXPORT void CCefBrowser_setDisablePopupContextMenu(ccefbrowser_class * thiz, bool disable);
Definition:
void CCefBrowser_setDisablePopupContextMenu(ccefbrowser_class * thiz, bool disable) {
  thiz->setDisablePopupContextMenu(disable);
}

******************************************
Method: isPopupContextMenuDisabled
Parameters:
Declaration:
  CCEFVIEW_EXPORT bool CCefBrowser_isPopupContextMenuDisabled(ccefbrowser_class * thiz);
Definition:
bool CCefBrowser_isPopupContextMenuDisabled(ccefbrowser_class * thiz) {
  return thiz->isPopupContextMenuDisabled();
}

******************************************
Method: setWindowlessFrameRate
Parameters:
  int rate
Declaration:
  CCEFVIEW_EXPORT void CCefBrowser_setWindowlessFrameRate(ccefbrowser_class * thiz, int rate);
Definition:
void CCefBrowser_setWindowlessFrameRate(ccefbrowser_class * thiz, int rate) {
  thiz->setWindowlessFrameRate(rate);
}

******************************************
Method: sendExternalBeginFrame
Parameters:
Declaration:
  CCEFVIEW_EXPORT void CCefBrowser_sendExternalBeginFrame(ccefbrowser_class * thiz);
Definition:
void CCefBrowser_sendExternalBeginFrame(ccefbrowser_class * thiz) {
  thiz->sendExternalBeginFrame();
}

******************************************
Method: showDevTools
Parameters:
Declaration:
  CCEFVIEW_EXPORT void CCefBrowser_showDevTools(ccefbrowser_class * thiz);
Definition:
void CCefBrowser_showDevTools(ccefbrowser_class * thiz) {
  thiz->showDevTools();
}

******************************************
Method: closeDevTools
Parameters:
Declaration:
  CCEFVIEW_EXPORT void CCefBrowser_closeDevTools(ccefbrowser_class * thiz);
Definition:
void CCefBrowser_closeDevTools(ccefbrowser_class * thiz) {
  thiz->closeDevTools();
}

******************************************
Method: hasDevTools
Parameters:
Declaration:
  CCEFVIEW_EXPORT bool CCefBrowser_hasDevTools(ccefbrowser_class * thiz);
Definition:
bool CCefBrowser_hasDevTools(ccefbrowser_class * thiz) {
  return thiz->hasDevTools();
}

******************************************
Method: closeBrowser
Parameters:
  bool forceClose
Declaration:
  CCEFVIEW_EXPORT void CCefBrowser_closeBrowser(ccefbrowser_class * thiz, bool forceClose);
Definition:
void CCefBrowser_closeBrowser(ccefbrowser_class * thiz, bool forceClose) {
  thiz->closeBrowser(forceClose);
}

******************************************
Method: setFocus
Parameters:
  bool focused
Declaration:
  CCEFVIEW_EXPORT void CCefBrowser_setFocus(ccefbrowser_class * thiz, bool focused);
Definition:
void CCefBrowser_setFocus(ccefbrowser_class * thiz, bool focused) {
  thiz->setFocus(focused);
}

******************************************
Method: wasResized
Parameters:
Declaration:
  CCEFVIEW_EXPORT void CCefBrowser_wasResized(ccefbrowser_class * thiz);
Definition:
void CCefBrowser_wasResized(ccefbrowser_class * thiz) {
  thiz->wasResized();
}

******************************************
Method: wasHidden
Parameters:
  bool hidden
Declaration:
  CCEFVIEW_EXPORT void CCefBrowser_wasHidden(ccefbrowser_class * thiz, bool hidden);
Definition:
void CCefBrowser_wasHidden(ccefbrowser_class * thiz, bool hidden) {
  thiz->wasHidden(hidden);
}

******************************************
Method: sendMouseMoveEvent
Parameters:
  int x
  int y
  uint32_t modifiers
  bool leave
Declaration:
  CCEFVIEW_EXPORT void CCefBrowser_sendMouseMoveEvent(ccefbrowser_class * thiz, int x, int y, uint32_t modifiers, bool leave);
Definition:
void CCefBrowser_sendMouseMoveEvent(ccefbrowser_class * thiz, int x, int y, uint32_t modifiers, bool leave) {
  thiz->sendMouseMoveEvent(x, y, modifiers, leave);
}

******************************************
Method: sendMouseClickEvent
Parameters:
  int x
  int y
  uint32_t modifiers
  cefviewmousebuttontype_enum type
  bool mouseUp
  int clickCount
Declaration:
  CCEFVIEW_EXPORT void CCefBrowser_sendMouseClickEvent(ccefbrowser_class * thiz, int x, int y, uint32_t modifiers, cefviewmousebuttontype_enum type, bool mouseUp, int clickCount);
Definition:
void CCefBrowser_sendMouseClickEvent(ccefbrowser_class * thiz, int x, int y, uint32_t modifiers, cefviewmousebuttontype_enum type, bool mouseUp, int clickCount) {
  thiz->sendMouseClickEvent(x, y, modifiers, (cef_mouse_button_type_t)type, mouseUp, clickCount);
}

******************************************
Method: sendWheelEvent
Parameters:
  int x
  int y
  uint32_t modifiers
  int deltaX
  int deltaY
Declaration:
  CCEFVIEW_EXPORT void CCefBrowser_sendWheelEvent(ccefbrowser_class * thiz, int x, int y, uint32_t modifiers, int deltaX, int deltaY);
Definition:
void CCefBrowser_sendWheelEvent(ccefbrowser_class * thiz, int x, int y, uint32_t modifiers, int deltaX, int deltaY) {
  thiz->sendWheelEvent(x, y, modifiers, deltaX, deltaY);
}

******************************************
Method: dragTargetDragEnterText
Parameters:
  int x
  int y
  uint32_t modifiers
  const char * text
  const char * html
  const char * baseUrl
  cefviewdragoperation_enum allowedOps
Declaration:
  CCEFVIEW_EXPORT void CCefBrowser_dragTargetDragEnterText(ccefbrowser_class * thiz, int x, int y, uint32_t modifiers, const char * text, const char * html, const char * baseUrl, cefviewdragoperation_enum allowedOps);
Definition:
void CCefBrowser_dragTargetDragEnterText(ccefbrowser_class * thiz, int x, int y, uint32_t modifiers, const char * text, const char * html, const char * baseUrl, cefviewdragoperation_enum allowedOps) {
  thiz->dragTargetDragEnterText(x, y, modifiers, text, html, baseUrl, (cef_drag_operations_mask_t)allowedOps);
}

******************************************
Method: dragTargetDragEnterFiles
Parameters:
  int x
  int y
  uint32_t modifiers
  const char * filePaths
  cefviewdragoperation_enum allowedOps
Declaration:
  CCEFVIEW_EXPORT void CCefBrowser_dragTargetDragEnterFiles(ccefbrowser_class * thiz, int x, int y, uint32_t modifiers, const char * filePaths, cefviewdragoperation_enum allowedOps);
Definition:
void CCefBrowser_dragTargetDragEnterFiles(ccefbrowser_class * thiz, int x, int y, uint32_t modifiers, const char * filePaths, cefviewdragoperation_enum allowedOps) {
  thiz->dragTargetDragEnterFiles(x, y, modifiers, filePaths, (cef_drag_operations_mask_t)allowedOps);
}

******************************************
Method: dragTargetDragOver
Parameters:
  int x
  int y
  uint32_t modifiers
  cefviewdragoperation_enum allowedOps
Declaration:
  CCEFVIEW_EXPORT void CCefBrowser_dragTargetDragOver(ccefbrowser_class * thiz, int x, int y, uint32_t modifiers, cefviewdragoperation_enum allowedOps);
Definition:
void CCefBrowser_dragTargetDragOver(ccefbrowser_class * thiz, int x, int y, uint32_t modifiers, cefviewdragoperation_enum allowedOps) {
  thiz->dragTargetDragOver(x, y, modifiers, (cef_drag_operations_mask_t)allowedOps);
}

******************************************
Method: dragTargetDragLeave
Parameters:
Declaration:
  CCEFVIEW_EXPORT void CCefBrowser_dragTargetDragLeave(ccefbrowser_class * thiz);
Definition:
void CCefBrowser_dragTargetDragLeave(ccefbrowser_class * thiz) {
  thiz->dragTargetDragLeave();
}

******************************************
Method: dragTargetDrop
Parameters:
  int x
  int y
  uint32_t modifiers
Declaration:
  CCEFVIEW_EXPORT void CCefBrowser_dragTargetDrop(ccefbrowser_class * thiz, int x, int y, uint32_t modifiers);
Definition:
void CCefBrowser_dragTargetDrop(ccefbrowser_class * thiz, int x, int y, uint32_t modifiers) {
  thiz->dragTargetDrop(x, y, modifiers);
}

******************************************
Method: dragSourceEndedAt
Parameters:
  int x
  int y
  cefviewdragoperation_enum operation
Declaration:
  CCEFVIEW_EXPORT void CCefBrowser_dragSourceEndedAt(ccefbrowser_class * thiz, int x, int y, cefviewdragoperation_enum operation);
Definition:
void CCefBrowser_dragSourceEndedAt(ccefbrowser_class * thiz, int x, int y, cefviewdragoperation_enum operation) {
  thiz->dragSourceEndedAt(x, y, (cef_drag_operations_mask_t)operation);
}

******************************************
Method: dragSourceSystemDragEnded
Parameters:
Declaration:
  CCEFVIEW_EXPORT void CCefBrowser_dragSourceSystemDragEnded(ccefbrowser_class * thiz);
Definition:
void CCefBrowser_dragSourceSystemDragEnded(ccefbrowser_class * thiz) {
  thiz->dragSourceSystemDragEnded();
}

******************************************
Method: sendTouchEvent
Parameters:
  int touchId
  float x
  float y
  float radiusX
  float radiusY
  float rotationAngle
  float pressure
  int touchEventType
  uint32_t modifiers
  int pointerType
Declaration:
  CCEFVIEW_EXPORT void CCefBrowser_sendTouchEvent(ccefbrowser_class * thiz, int touchId, float x, float y, float radiusX, float radiusY, float rotationAngle, float pressure, int touchEventType, uint32_t modifiers, int pointerType);
Definition:
void CCefBrowser_sendTouchEvent(ccefbrowser_class * thiz, int touchId, float x, float y, float radiusX, float radiusY, float rotationAngle, float pressure, int touchEventType, uint32_t modifiers, int pointerType) {
  thiz->sendTouchEvent(touchId, x, y, radiusX, radiusY, rotationAngle, pressure, touchEventType, modifiers, pointerType);
}

******************************************
Method: sendKeyEvent
Parameters:
  cefviewkeyeventtype_enum type
  uint32_t modifiers
  int windowsKeyCode
  int nativeKeyCode
  bool isSysKey
  uint16_t character
  uint16_t umodifiedCharacter
  bool isFocusOnEditableField
Declaration:
  CCEFVIEW_EXPORT void CCefBrowser_sendKeyEvent(ccefbrowser_class * thiz, cefviewkeyeventtype_enum type, uint32_t modifiers, int windowsKeyCode, int nativeKeyCode, bool isSysKey, uint16_t character, uint16_t umodifiedCharacter, bool isFocusOnEditableField);
Definition:
void CCefBrowser_sendKeyEvent(ccefbrowser_class * thiz, cefviewkeyeventtype_enum type, uint32_t modifiers, int windowsKeyCode, int nativeKeyCode, bool isSysKey, uint16_t character, uint16_t umodifiedCharacter, bool isFocusOnEditableField) {
  thiz->sendKeyEvent((cef_key_event_type_t)type, modifiers, windowsKeyCode, nativeKeyCode, isSysKey, character, umodifiedCharacter, isFocusOnEditableField);
}

******************************************
Method: notifyMoveOrResizeStarted
Parameters:
Declaration:
  CCEFVIEW_EXPORT void CCefBrowser_notifyMoveOrResizeStarted(ccefbrowser_class * thiz);
Definition:
void CCefBrowser_notifyMoveOrResizeStarted(ccefbrowser_class * thiz) {
  thiz->notifyMoveOrResizeStarted();
}

******************************************
Method: notifyScreenChanged
Parameters:
Declaration:
  CCEFVIEW_EXPORT void CCefBrowser_notifyScreenChanged(ccefbrowser_class * thiz);
Definition:
void CCefBrowser_notifyScreenChanged(ccefbrowser_class * thiz) {
  thiz->notifyScreenChanged();
}

******************************************
Method: imeSetComposition
Parameters:
  const char * text
  cefviewcompositionunderline_struct underlines[]
  int count
  cefviewrange_struct replacement_range
  cefviewrange_struct selection_range
Declaration:
  CCEFVIEW_EXPORT void CCefBrowser_imeSetComposition(ccefbrowser_class * thiz, const char * text, cefviewcompositionunderline_struct underlines[], int count, cefviewrange_struct replacement_range, cefviewrange_struct selection_range);
Definition:
void CCefBrowser_imeSetComposition(ccefbrowser_class * thiz, const char * text, cefviewcompositionunderline_struct underlines[], int count, cefviewrange_struct replacement_range, cefviewrange_struct selection_range) {
  thiz->imeSetComposition(text, underlines, count, replacement_range, selection_range);
}

******************************************
Method: imeCommitText
Parameters:
  const char * text
  cefviewrange_struct replacement_range
  int relative_cursor_pos
Declaration:
  CCEFVIEW_EXPORT void CCefBrowser_imeCommitText(ccefbrowser_class * thiz, const char * text, cefviewrange_struct replacement_range, int relative_cursor_pos);
Definition:
void CCefBrowser_imeCommitText(ccefbrowser_class * thiz, const char * text, cefviewrange_struct replacement_range, int relative_cursor_pos) {
  thiz->imeCommitText(text, replacement_range, relative_cursor_pos);
}

******************************************
Method: imeFinishComposingText
Parameters:
  bool keep_selection
Declaration:
  CCEFVIEW_EXPORT void CCefBrowser_imeFinishComposingText(ccefbrowser_class * thiz, bool keep_selection);
Definition:
void CCefBrowser_imeFinishComposingText(ccefbrowser_class * thiz, bool keep_selection) {
  thiz->imeFinishComposingText(keep_selection);
}

******************************************
Method: imeCancelComposition
Parameters:
Declaration:
  CCEFVIEW_EXPORT void CCefBrowser_imeCancelComposition(ccefbrowser_class * thiz);
Definition:
void CCefBrowser_imeCancelComposition(ccefbrowser_class * thiz) {
  thiz->imeCancelComposition();
}

******************************************
Method: continueJSDialog
Parameters:
  int64_t requestId
  bool success
  const char * userInput
Declaration:
  CCEFVIEW_EXPORT bool CCefBrowser_continueJSDialog(ccefbrowser_class * thiz, int64_t requestId, bool success, const char * userInput);
Definition:
bool CCefBrowser_continueJSDialog(ccefbrowser_class * thiz, int64_t requestId, bool success, const char * userInput) {
  return thiz->continueJSDialog(requestId, success, userInput);
}

******************************************
Method: copy
Parameters:
Declaration:
  CCEFVIEW_EXPORT void CCefBrowser_copy(ccefbrowser_class * thiz);
Definition:
void CCefBrowser_copy(ccefbrowser_class * thiz) {
  thiz->copy();
}

******************************************
Method: cut
Parameters:
Declaration:
  CCEFVIEW_EXPORT void CCefBrowser_cut(ccefbrowser_class * thiz);
Definition:
void CCefBrowser_cut(ccefbrowser_class * thiz) {
  thiz->cut();
}

******************************************
Method: paste
Parameters:
Declaration:
  CCEFVIEW_EXPORT void CCefBrowser_paste(ccefbrowser_class * thiz);
Definition:
void CCefBrowser_paste(ccefbrowser_class * thiz) {
  thiz->paste();
}

******************************************
Method: selectAll
Parameters:
Declaration:
  CCEFVIEW_EXPORT void CCefBrowser_selectAll(ccefbrowser_class * thiz);
Definition:
void CCefBrowser_selectAll(ccefbrowser_class * thiz) {
  thiz->selectAll();
}

******************************************
Method: undo
Parameters:
Declaration:
  CCEFVIEW_EXPORT void CCefBrowser_undo(ccefbrowser_class * thiz);
Definition:
void CCefBrowser_undo(ccefbrowser_class * thiz) {
  thiz->undo();
}

******************************************
Method: redo
Parameters:
Declaration:
  CCEFVIEW_EXPORT void CCefBrowser_redo(ccefbrowser_class * thiz);
Definition:
void CCefBrowser_redo(ccefbrowser_class * thiz) {
  thiz->redo();
}

******************************************
Method: del
Parameters:
Declaration:
  CCEFVIEW_EXPORT void CCefBrowser_del(ccefbrowser_class * thiz);
Definition:
void CCefBrowser_del(ccefbrowser_class * thiz) {
  thiz->del();
}

******************************************
Method: startFinding
Parameters:
  const char * searchText
  bool forward
  bool matchCase
Declaration:
  CCEFVIEW_EXPORT void CCefBrowser_startFinding(ccefbrowser_class * thiz, const char * searchText, bool forward, bool matchCase);
Definition:
void CCefBrowser_startFinding(ccefbrowser_class * thiz, const char * searchText, bool forward, bool matchCase) {
  thiz->startFinding(searchText, forward, matchCase);
}

******************************************
Method: stopFinding
Parameters:
  bool clearSelection
Declaration:
  CCEFVIEW_EXPORT void CCefBrowser_stopFinding(ccefbrowser_class * thiz, bool clearSelection);
Definition:
void CCefBrowser_stopFinding(ccefbrowser_class * thiz, bool clearSelection) {
  thiz->stopFinding(clearSelection);
}

******************************************
Method: continueFileDialog
Parameters:
  int64_t requestId
  int filterIndex
  const std::vector<std::string> & filePaths
Declaration:
  CCEFVIEW_EXPORT bool CCefBrowser_continueFileDialog(ccefbrowser_class * thiz, int64_t requestId, int filterIndex, const std::vector<std::string> & filePaths);
Definition:
bool CCefBrowser_continueFileDialog(ccefbrowser_class * thiz, int64_t requestId, int filterIndex, const std::vector<std::string> & filePaths) {
  return thiz->continueFileDialog(requestId, filterIndex, filePaths);
}

******************************************
Method: cancelFileDialog
Parameters:
  int64_t requestId
Declaration:
  CCEFVIEW_EXPORT void CCefBrowser_cancelFileDialog(ccefbrowser_class * thiz, int64_t requestId);
Definition:
void CCefBrowser_cancelFileDialog(ccefbrowser_class * thiz, int64_t requestId) {
  thiz->cancelFileDialog(requestId);
}

******************************************
Method: continueDownload
Parameters:
  int64_t downloadId
  const char * downloadPath
  bool showDialog
Declaration:
  CCEFVIEW_EXPORT bool CCefBrowser_continueDownload(ccefbrowser_class * thiz, int64_t downloadId, const char * downloadPath, bool showDialog);
Definition:
bool CCefBrowser_continueDownload(ccefbrowser_class * thiz, int64_t downloadId, const char * downloadPath, bool showDialog) {
  return thiz->continueDownload(downloadId, downloadPath, showDialog);
}

******************************************
Method: cancelDownload
Parameters:
  int64_t downloadId
Declaration:
  CCEFVIEW_EXPORT void CCefBrowser_cancelDownload(ccefbrowser_class * thiz, int64_t downloadId);
Definition:
void CCefBrowser_cancelDownload(ccefbrowser_class * thiz, int64_t downloadId) {
  thiz->cancelDownload(downloadId);
}

******************************************
Method: pauseDownload
Parameters:
  int64_t downloadId
Declaration:
  CCEFVIEW_EXPORT void CCefBrowser_pauseDownload(ccefbrowser_class * thiz, int64_t downloadId);
Definition:
void CCefBrowser_pauseDownload(ccefbrowser_class * thiz, int64_t downloadId) {
  thiz->pauseDownload(downloadId);
}

******************************************
Method: resumeDownload
Parameters:
  int64_t downloadId
Declaration:
  CCEFVIEW_EXPORT void CCefBrowser_resumeDownload(ccefbrowser_class * thiz, int64_t downloadId);
Definition:
void CCefBrowser_resumeDownload(ccefbrowser_class * thiz, int64_t downloadId) {
  thiz->resumeDownload(downloadId);
}

******************************************
Method: continueContextMenu
Parameters:
  int64_t requestId
  int commandId
  int eventFlags
Declaration:
  CCEFVIEW_EXPORT bool CCefBrowser_continueContextMenu(ccefbrowser_class * thiz, int64_t requestId, int commandId, int eventFlags);
Definition:
bool CCefBrowser_continueContextMenu(ccefbrowser_class * thiz, int64_t requestId, int commandId, int eventFlags) {
  return thiz->continueContextMenu(requestId, commandId, eventFlags);
}

******************************************
Method: cancelContextMenu
Parameters:
  int64_t requestId
Declaration:
  CCEFVIEW_EXPORT void CCefBrowser_cancelContextMenu(ccefbrowser_class * thiz, int64_t requestId);
Definition:
void CCefBrowser_cancelContextMenu(ccefbrowser_class * thiz, int64_t requestId) {
  thiz->cancelContextMenu(requestId);
}

******************************************
Method: continuePermissionPrompt
Parameters:
  uint64_t promptId
  bool allow
Declaration:
  CCEFVIEW_EXPORT bool CCefBrowser_continuePermissionPrompt(ccefbrowser_class * thiz, uint64_t promptId, bool allow);
Definition:
bool CCefBrowser_continuePermissionPrompt(ccefbrowser_class * thiz, uint64_t promptId, bool allow) {
  return thiz->continuePermissionPrompt(promptId, allow);
}

* Found class clause: CCefBrowser, CursorKind.CLASS_DECL
******************************************
Constructor: CCefBrowser
  Parameters:
    <pp2xlang.generator.csharp.Parameter object at 0x0000027D43007F10>
    <pp2xlang.generator.csharp.Parameter object at 0x0000027D430045D0>
    <pp2xlang.generator.csharp.Parameter object at 0x0000027D43004690>
        // Source: CCefBrowser(CefBrowserCallback, const std::string &, const CCefSetting *)
        [DllImport("CCefView")]
        private static extern IntPtr CCefBrowser_new0(CefBrowserCallback callback, [MarshalAs(UnmanagedType.LPUTF8Str)] string url, IntPtr setting);

******************************************
Method: start
  Parameters:
Definition:
        // Source: void start()
        [DllImport("CCefView")]
        private static extern void CCefBrowser_start(IntPtr thiz);
        public void Start()
        {
            CCefBrowser_start(_native);
        }

******************************************
Method: addLocalFolderResource
  Parameters:
    <pp2xlang.generator.csharp.Parameter object at 0x0000027D430076D0>
    <pp2xlang.generator.csharp.Parameter object at 0x0000027D43006BD0>
    <pp2xlang.generator.csharp.Parameter object at 0x0000027D43007510>
Definition:
        // Source: void addLocalFolderResource(const std::string &, const std::string &, int)
        [DllImport("CCefView")]
        private static extern void CCefBrowser_addLocalFolderResource(IntPtr thiz, [MarshalAs(UnmanagedType.LPUTF8Str)] string path, [MarshalAs(UnmanagedType.LPUTF8Str)] string url, int priority);
        public void AddLocalFolderResource(string path, string url, int priority)
        {
            CCefBrowser_addLocalFolderResource(_native, path, url, priority);
        }

******************************************
Method: addArchiveResource
  Parameters:
    <pp2xlang.generator.csharp.Parameter object at 0x0000027D43006690>
    <pp2xlang.generator.csharp.Parameter object at 0x0000027D430066D0>
    <pp2xlang.generator.csharp.Parameter object at 0x0000027D43004910>
    <pp2xlang.generator.csharp.Parameter object at 0x0000027D43006ED0>
Definition:
        // Source: void addArchiveResource(const std::string &, const std::string &, const std::string &, int)
        [DllImport("CCefView")]
        private static extern void CCefBrowser_addArchiveResource(IntPtr thiz, [MarshalAs(UnmanagedType.LPUTF8Str)] string path, [MarshalAs(UnmanagedType.LPUTF8Str)] string url, [MarshalAs(UnmanagedType.LPUTF8Str)] string password, int priority);
        public void AddArchiveResource(string path, string url, string password, int priority)
        {
            CCefBrowser_addArchiveResource(_native, path, url, password, priority);
        }

******************************************
Method: browserId
  Parameters:
Definition:
        // Source: int browserId()
        [DllImport("CCefView")]
        private static extern int CCefBrowser_browserId(IntPtr thiz);
        public int BrowserId()
        {
            return CCefBrowser_browserId(_native);
        }

******************************************
Method: navigateToString
  Parameters:
    <pp2xlang.generator.csharp.Parameter object at 0x0000027D43007F10>
Definition:
        // Source: void navigateToString(const std::string &)
        [DllImport("CCefView")]
        private static extern void CCefBrowser_navigateToString(IntPtr thiz, [MarshalAs(UnmanagedType.LPUTF8Str)] string content);
        public void NavigateToString(string content)
        {
            CCefBrowser_navigateToString(_native, content);
        }

******************************************
Method: navigateToUrl
  Parameters:
    <pp2xlang.generator.csharp.Parameter object at 0x0000027D430066D0>
Definition:
        // Source: void navigateToUrl(const std::string &)
        [DllImport("CCefView")]
        private static extern void CCefBrowser_navigateToUrl(IntPtr thiz, [MarshalAs(UnmanagedType.LPUTF8Str)] string url);
        public void NavigateToUrl(string url)
        {
            CCefBrowser_navigateToUrl(_native, url);
        }

******************************************
Method: canGoBack
  Parameters:
Definition:
        // Source: bool canGoBack()
        [DllImport("CCefView")]
        [return: MarshalAs(UnmanagedType.I1)]
        private static extern bool CCefBrowser_canGoBack(IntPtr thiz);
        public bool CanGoBack()
        {
            return CCefBrowser_canGoBack(_native);
        }

******************************************
Method: canGoForward
  Parameters:
Definition:
        // Source: bool canGoForward()
        [DllImport("CCefView")]
        [return: MarshalAs(UnmanagedType.I1)]
        private static extern bool CCefBrowser_canGoForward(IntPtr thiz);
        public bool CanGoForward()
        {
            return CCefBrowser_canGoForward(_native);
        }

******************************************
Method: goBack
  Parameters:
Definition:
        // Source: void goBack()
        [DllImport("CCefView")]
        private static extern void CCefBrowser_goBack(IntPtr thiz);
        public void GoBack()
        {
            CCefBrowser_goBack(_native);
        }

******************************************
Method: goForward
  Parameters:
Definition:
        // Source: void goForward()
        [DllImport("CCefView")]
        private static extern void CCefBrowser_goForward(IntPtr thiz);
        public void GoForward()
        {
            CCefBrowser_goForward(_native);
        }

******************************************
Method: isLoading
  Parameters:
Definition:
        // Source: bool isLoading()
        [DllImport("CCefView")]
        [return: MarshalAs(UnmanagedType.I1)]
        private static extern bool CCefBrowser_isLoading(IntPtr thiz);
        public bool IsLoading()
        {
            return CCefBrowser_isLoading(_native);
        }

******************************************
Method: reload
  Parameters:
Definition:
        // Source: void reload()
        [DllImport("CCefView")]
        private static extern void CCefBrowser_reload(IntPtr thiz);
        public void Reload()
        {
            CCefBrowser_reload(_native);
        }

******************************************
Method: stopLoad
  Parameters:
Definition:
        // Source: void stopLoad()
        [DllImport("CCefView")]
        private static extern void CCefBrowser_stopLoad(IntPtr thiz);
        public void StopLoad()
        {
            CCefBrowser_stopLoad(_native);
        }

******************************************
Method: triggerEventOnMainFrame
  Parameters:
    <pp2xlang.generator.csharp.Parameter object at 0x0000027D43007BD0>
    <pp2xlang.generator.csharp.Parameter object at 0x0000027D43006C90>
Definition:
        // Source: bool triggerEventOnMainFrame(const std::string &, const std::string &)
        [DllImport("CCefView")]
        [return: MarshalAs(UnmanagedType.I1)]
        private static extern bool CCefBrowser_triggerEventOnMainFrame(IntPtr thiz, [MarshalAs(UnmanagedType.LPUTF8Str)] string evtName, [MarshalAs(UnmanagedType.LPUTF8Str)] string evtArgs);
        public bool TriggerEventOnMainFrame(string evtName, string evtArgs)
        {
            return CCefBrowser_triggerEventOnMainFrame(_native, evtName, evtArgs);
        }

******************************************
Method: triggerEventOnFrame
  Parameters:
    <pp2xlang.generator.csharp.Parameter object at 0x0000027D43007A90>
    <pp2xlang.generator.csharp.Parameter object at 0x0000027D43004790>
    <pp2xlang.generator.csharp.Parameter object at 0x0000027D430063D0>
Definition:
        // Source: bool triggerEventOnFrame(const std::string &, const std::string &, const std::string &)
        [DllImport("CCefView")]
        [return: MarshalAs(UnmanagedType.I1)]
        private static extern bool CCefBrowser_triggerEventOnFrame(IntPtr thiz, [MarshalAs(UnmanagedType.LPUTF8Str)] string evtName, [MarshalAs(UnmanagedType.LPUTF8Str)] string evtArgs, [MarshalAs(UnmanagedType.LPUTF8Str)] string frameId);
        public bool TriggerEventOnFrame(string evtName, string evtArgs, string frameId)
        {
            return CCefBrowser_triggerEventOnFrame(_native, evtName, evtArgs, frameId);
        }

******************************************
Method: broadcastEvent
  Parameters:
    <pp2xlang.generator.csharp.Parameter object at 0x0000027D43007B90>
    <pp2xlang.generator.csharp.Parameter object at 0x0000027D43004A50>
Definition:
        // Source: bool broadcastEvent(const std::string &, const std::string &)
        [DllImport("CCefView")]
        [return: MarshalAs(UnmanagedType.I1)]
        private static extern bool CCefBrowser_broadcastEvent(IntPtr thiz, [MarshalAs(UnmanagedType.LPUTF8Str)] string evtName, [MarshalAs(UnmanagedType.LPUTF8Str)] string evtArgs);
        public bool BroadcastEvent(string evtName, string evtArgs)
        {
            return CCefBrowser_broadcastEvent(_native, evtName, evtArgs);
        }

******************************************
Method: triggerEvent
  Parameters:
    <pp2xlang.generator.csharp.Parameter object at 0x0000027D43007FD0>
    <pp2xlang.generator.csharp.Parameter object at 0x0000027D430045D0>
    <pp2xlang.generator.csharp.Parameter object at 0x0000027D43004A90>
Definition:
        // Source: bool triggerEvent(const std::string &, const std::string &, const std::string &)
        [DllImport("CCefView")]
        [return: MarshalAs(UnmanagedType.I1)]
        private static extern bool CCefBrowser_triggerEvent(IntPtr thiz, [MarshalAs(UnmanagedType.LPUTF8Str)] string name, [MarshalAs(UnmanagedType.LPUTF8Str)] string args, [MarshalAs(UnmanagedType.LPUTF8Str)] string frameId);
        public bool TriggerEvent(string name, string args, string frameId)
        {
            return CCefBrowser_triggerEvent(_native, name, args, frameId);
        }

******************************************
Method: responseQCefQuery
  Parameters:
    <pp2xlang.generator.csharp.Parameter object at 0x0000027D43007A90>
Definition:
        // Source: bool responseQCefQuery(const CCefQuery *)
        [DllImport("CCefView")]
        [return: MarshalAs(UnmanagedType.I1)]
        private static extern bool CCefBrowser_responseQCefQuery(IntPtr thiz, IntPtr query);
        public bool ResponseQCefQuery(CefQuery query)
        {
            return CCefBrowser_responseQCefQuery(_native, query.NativeObject);
        }

******************************************
Method: executeJavascript
  Parameters:
    <pp2xlang.generator.csharp.Parameter object at 0x0000027D43004750>
    <pp2xlang.generator.csharp.Parameter object at 0x0000027D43004A90>
    <pp2xlang.generator.csharp.Parameter object at 0x0000027D430066D0>
Definition:
        // Source: bool executeJavascript(const std::string &, const std::string &, const std::string &)
        [DllImport("CCefView")]
        [return: MarshalAs(UnmanagedType.I1)]
        private static extern bool CCefBrowser_executeJavascript(IntPtr thiz, [MarshalAs(UnmanagedType.LPUTF8Str)] string frameId, [MarshalAs(UnmanagedType.LPUTF8Str)] string code, [MarshalAs(UnmanagedType.LPUTF8Str)] string url);
        public bool ExecuteJavascript(string frameId, string code, string url)
        {
            return CCefBrowser_executeJavascript(_native, frameId, code, url);
        }

******************************************
Method: executeJavascriptWithResult
  Parameters:
    <pp2xlang.generator.csharp.Parameter object at 0x0000027D43007A90>
    <pp2xlang.generator.csharp.Parameter object at 0x0000027D43007310>
    <pp2xlang.generator.csharp.Parameter object at 0x0000027D43007650>
    <pp2xlang.generator.csharp.Parameter object at 0x0000027D43004C50>
Definition:
        // Source: bool executeJavascriptWithResult(const std::string &, const std::string &, const std::string &, const std::string &)
        [DllImport("CCefView")]
        [return: MarshalAs(UnmanagedType.I1)]
        private static extern bool CCefBrowser_executeJavascriptWithResult(IntPtr thiz, [MarshalAs(UnmanagedType.LPUTF8Str)] string frameId, [MarshalAs(UnmanagedType.LPUTF8Str)] string code, [MarshalAs(UnmanagedType.LPUTF8Str)] string url, [MarshalAs(UnmanagedType.LPUTF8Str)] string context);
        public bool ExecuteJavascriptWithResult(string frameId, string code, string url, string context)
        {
            return CCefBrowser_executeJavascriptWithResult(_native, frameId, code, url, context);
        }

******************************************
Method: setPreference
  Parameters:
    <pp2xlang.generator.csharp.Parameter object at 0x0000027D43006F10>
    <pp2xlang.generator.csharp.Parameter object at 0x0000027D430076D0>
Definition:
        // Source: bool setPreference(const std::string &, const std::string &)
        [DllImport("CCefView")]
        [return: MarshalAs(UnmanagedType.I1)]
        private static extern bool CCefBrowser_setPreference(IntPtr thiz, [MarshalAs(UnmanagedType.LPUTF8Str)] string name, [MarshalAs(UnmanagedType.LPUTF8Str)] string value);
        public bool SetPreference(string name, string value)
        {
            return CCefBrowser_setPreference(_native, name, value);
        }

******************************************
Method: setDisablePopupContextMenu
  Parameters:
    <pp2xlang.generator.csharp.Parameter object at 0x0000027D43004C10>
Definition:
        // Source: void setDisablePopupContextMenu(bool)
        [DllImport("CCefView")]
        private static extern void CCefBrowser_setDisablePopupContextMenu(IntPtr thiz, [MarshalAs(UnmanagedType.I1)] bool disable);
        public void SetDisablePopupContextMenu(bool disable)
        {
            CCefBrowser_setDisablePopupContextMenu(_native, disable);
        }

******************************************
Method: isPopupContextMenuDisabled
  Parameters:
Definition:
        // Source: bool isPopupContextMenuDisabled()
        [DllImport("CCefView")]
        [return: MarshalAs(UnmanagedType.I1)]
        private static extern bool CCefBrowser_isPopupContextMenuDisabled(IntPtr thiz);
        public bool IsPopupContextMenuDisabled()
        {
            return CCefBrowser_isPopupContextMenuDisabled(_native);
        }

******************************************
Method: setWindowlessFrameRate
  Parameters:
    <pp2xlang.generator.csharp.Parameter object at 0x0000027D43004C10>
Definition:
        // Source: void setWindowlessFrameRate(int)
        [DllImport("CCefView")]
        private static extern void CCefBrowser_setWindowlessFrameRate(IntPtr thiz, int rate);
        public void SetWindowlessFrameRate(int rate)
        {
            CCefBrowser_setWindowlessFrameRate(_native, rate);
        }

******************************************
Method: sendExternalBeginFrame
  Parameters:
Definition:
        // Source: void sendExternalBeginFrame()
        [DllImport("CCefView")]
        private static extern void CCefBrowser_sendExternalBeginFrame(IntPtr thiz);
        public void SendExternalBeginFrame()
        {
            CCefBrowser_sendExternalBeginFrame(_native);
        }

******************************************
Method: showDevTools
  Parameters:
Definition:
        // Source: void showDevTools()
        [DllImport("CCefView")]
        private static extern void CCefBrowser_showDevTools(IntPtr thiz);
        public void ShowDevTools()
        {
            CCefBrowser_showDevTools(_native);
        }

******************************************
Method: closeDevTools
  Parameters:
Definition:
        // Source: void closeDevTools()
        [DllImport("CCefView")]
        private static extern void CCefBrowser_closeDevTools(IntPtr thiz);
        public void CloseDevTools()
        {
            CCefBrowser_closeDevTools(_native);
        }

******************************************
Method: hasDevTools
  Parameters:
Definition:
        // Source: bool hasDevTools()
        [DllImport("CCefView")]
        [return: MarshalAs(UnmanagedType.I1)]
        private static extern bool CCefBrowser_hasDevTools(IntPtr thiz);
        public bool HasDevTools()
        {
            return CCefBrowser_hasDevTools(_native);
        }

******************************************
Method: closeBrowser
  Parameters:
    <pp2xlang.generator.csharp.Parameter object at 0x0000027D43007B90>
Definition:
        // Source: void closeBrowser(bool)
        [DllImport("CCefView")]
        private static extern void CCefBrowser_closeBrowser(IntPtr thiz, [MarshalAs(UnmanagedType.I1)] bool forceClose);
        public void CloseBrowser(bool forceClose)
        {
            CCefBrowser_closeBrowser(_native, forceClose);
        }

******************************************
Method: setFocus
  Parameters:
    <pp2xlang.generator.csharp.Parameter object at 0x0000027D43004C50>
Definition:
        // Source: void setFocus(bool)
        [DllImport("CCefView")]
        private static extern void CCefBrowser_setFocus(IntPtr thiz, [MarshalAs(UnmanagedType.I1)] bool focused);
        public void SetFocus(bool focused)
        {
            CCefBrowser_setFocus(_native, focused);
        }

******************************************
Method: wasResized
  Parameters:
Definition:
        // Source: void wasResized()
        [DllImport("CCefView")]
        private static extern void CCefBrowser_wasResized(IntPtr thiz);
        public void WasResized()
        {
            CCefBrowser_wasResized(_native);
        }

******************************************
Method: wasHidden
  Parameters:
    <pp2xlang.generator.csharp.Parameter object at 0x0000027D43004BD0>
Definition:
        // Source: void wasHidden(bool)
        [DllImport("CCefView")]
        private static extern void CCefBrowser_wasHidden(IntPtr thiz, [MarshalAs(UnmanagedType.I1)] bool hidden);
        public void WasHidden(bool hidden)
        {
            CCefBrowser_wasHidden(_native, hidden);
        }

******************************************
Method: sendMouseMoveEvent
  Parameters:
    <pp2xlang.generator.csharp.Parameter object at 0x0000027D43004C90>
    <pp2xlang.generator.csharp.Parameter object at 0x0000027D43007190>
    <pp2xlang.generator.csharp.Parameter object at 0x0000027D43006890>
    <pp2xlang.generator.csharp.Parameter object at 0x0000027D43007A10>
Definition:
        // Source: void sendMouseMoveEvent(int, int, uint32_t, bool)
        [DllImport("CCefView")]
        private static extern void CCefBrowser_sendMouseMoveEvent(IntPtr thiz, int x, int y, UInt32 modifiers, [MarshalAs(UnmanagedType.I1)] bool leave);
        public void SendMouseMoveEvent(int x, int y, UInt32 modifiers, bool leave)
        {
            CCefBrowser_sendMouseMoveEvent(_native, x, y, modifiers, leave);
        }

******************************************
Method: sendMouseClickEvent
  Parameters:
    <pp2xlang.generator.csharp.Parameter object at 0x0000027D43004E50>
    <pp2xlang.generator.csharp.Parameter object at 0x0000027D43006350>
    <pp2xlang.generator.csharp.Parameter object at 0x0000027D43007690>
    <pp2xlang.generator.csharp.Parameter object at 0x0000027D43004F50>
    <pp2xlang.generator.csharp.Parameter object at 0x0000027D43007350>
    <pp2xlang.generator.csharp.Parameter object at 0x0000027D42F70390>
Definition:
        // Source: void sendMouseClickEvent(int, int, uint32_t, CefViewMouseButtonType, bool, int)
        [DllImport("CCefView")]
        private static extern void CCefBrowser_sendMouseClickEvent(IntPtr thiz, int x, int y, UInt32 modifiers, CefViewMouseButtonType type, [MarshalAs(UnmanagedType.I1)] bool mouseUp, int clickCount);
        public void SendMouseClickEvent(int x, int y, UInt32 modifiers, CefViewMouseButtonType type, bool mouseUp, int clickCount)
        {
            CCefBrowser_sendMouseClickEvent(_native, x, y, modifiers, type, mouseUp, clickCount);
        }

******************************************
Method: sendWheelEvent
  Parameters:
    <pp2xlang.generator.csharp.Parameter object at 0x0000027D43007650>
    <pp2xlang.generator.csharp.Parameter object at 0x0000027D43004990>
    <pp2xlang.generator.csharp.Parameter object at 0x0000027D430063D0>
    <pp2xlang.generator.csharp.Parameter object at 0x0000027D43006A90>
    <pp2xlang.generator.csharp.Parameter object at 0x0000027D43006510>
Definition:
        // Source: void sendWheelEvent(int, int, uint32_t, int, int)
        [DllImport("CCefView")]
        private static extern void CCefBrowser_sendWheelEvent(IntPtr thiz, int x, int y, UInt32 modifiers, int deltaX, int deltaY);
        public void SendWheelEvent(int x, int y, UInt32 modifiers, int deltaX, int deltaY)
        {
            CCefBrowser_sendWheelEvent(_native, x, y, modifiers, deltaX, deltaY);
        }

******************************************
Method: dragTargetDragEnterText
  Parameters:
    <pp2xlang.generator.csharp.Parameter object at 0x0000027D43006CD0>
    <pp2xlang.generator.csharp.Parameter object at 0x0000027D43004BD0>
    <pp2xlang.generator.csharp.Parameter object at 0x0000027D43007690>
    <pp2xlang.generator.csharp.Parameter object at 0x0000027D43004F50>
    <pp2xlang.generator.csharp.Parameter object at 0x0000027D42F70190>
    <pp2xlang.generator.csharp.Parameter object at 0x0000027D42F703D0>
    <pp2xlang.generator.csharp.Parameter object at 0x0000027D42F704D0>
Definition:
        // Source: void dragTargetDragEnterText(int, int, uint32_t, const std::string &, const std::string &, const std::string &, CefViewDragOperation)
        [DllImport("CCefView")]
        private static extern void CCefBrowser_dragTargetDragEnterText(IntPtr thiz, int x, int y, UInt32 modifiers, [MarshalAs(UnmanagedType.LPUTF8Str)] string text, [MarshalAs(UnmanagedType.LPUTF8Str)] string html, [MarshalAs(UnmanagedType.LPUTF8Str)] string baseUrl, CefViewDragOperation allowedOps);
        public void DragTargetDragEnterText(int x, int y, UInt32 modifiers, string text, string html, string baseUrl, CefViewDragOperation allowedOps)
        {
            CCefBrowser_dragTargetDragEnterText(_native, x, y, modifiers, text, html, baseUrl, allowedOps);
        }

******************************************
Method: dragTargetDragEnterFiles
  Parameters:
    <pp2xlang.generator.csharp.Parameter object at 0x0000027D430045D0>
    <pp2xlang.generator.csharp.Parameter object at 0x0000027D43007A50>
    <pp2xlang.generator.csharp.Parameter object at 0x0000027D43006D10>
    <pp2xlang.generator.csharp.Parameter object at 0x0000027D430063D0>
    <pp2xlang.generator.csharp.Parameter object at 0x0000027D43006DD0>
Definition:
        // Source: void dragTargetDragEnterFiles(int, int, uint32_t, const std::string &, CefViewDragOperation)
        [DllImport("CCefView")]
        private static extern void CCefBrowser_dragTargetDragEnterFiles(IntPtr thiz, int x, int y, UInt32 modifiers, [MarshalAs(UnmanagedType.LPUTF8Str)] string filePaths, CefViewDragOperation allowedOps);
        public void DragTargetDragEnterFiles(int x, int y, UInt32 modifiers, string filePaths, CefViewDragOperation allowedOps)
        {
            CCefBrowser_dragTargetDragEnterFiles(_native, x, y, modifiers, filePaths, allowedOps);
        }

******************************************
Method: dragTargetDragOver
  Parameters:
    <pp2xlang.generator.csharp.Parameter object at 0x0000027D43007950>
    <pp2xlang.generator.csharp.Parameter object at 0x0000027D43004BD0>
    <pp2xlang.generator.csharp.Parameter object at 0x0000027D43006350>
    <pp2xlang.generator.csharp.Parameter object at 0x0000027D43004F50>
Definition:
        // Source: void dragTargetDragOver(int, int, uint32_t, CefViewDragOperation)
        [DllImport("CCefView")]
        private static extern void CCefBrowser_dragTargetDragOver(IntPtr thiz, int x, int y, UInt32 modifiers, CefViewDragOperation allowedOps);
        public void DragTargetDragOver(int x, int y, UInt32 modifiers, CefViewDragOperation allowedOps)
        {
            CCefBrowser_dragTargetDragOver(_native, x, y, modifiers, allowedOps);
        }

******************************************
Method: dragTargetDragLeave
  Parameters:
Definition:
        // Source: void dragTargetDragLeave()
        [DllImport("CCefView")]
        private static extern void CCefBrowser_dragTargetDragLeave(IntPtr thiz);
        public void DragTargetDragLeave()
        {
            CCefBrowser_dragTargetDragLeave(_native);
        }

******************************************
Method: dragTargetDrop
  Parameters:
    <pp2xlang.generator.csharp.Parameter object at 0x0000027D43007950>
    <pp2xlang.generator.csharp.Parameter object at 0x0000027D43007310>
    <pp2xlang.generator.csharp.Parameter object at 0x0000027D43004F50>
Definition:
        // Source: void dragTargetDrop(int, int, uint32_t)
        [DllImport("CCefView")]
        private static extern void CCefBrowser_dragTargetDrop(IntPtr thiz, int x, int y, UInt32 modifiers);
        public void DragTargetDrop(int x, int y, UInt32 modifiers)
        {
            CCefBrowser_dragTargetDrop(_native, x, y, modifiers);
        }

******************************************
Method: dragSourceEndedAt
  Parameters:
    <pp2xlang.generator.csharp.Parameter object at 0x0000027D430045D0>
    <pp2xlang.generator.csharp.Parameter object at 0x0000027D43007A50>
    <pp2xlang.generator.csharp.Parameter object at 0x0000027D43004CD0>
Definition:
        // Source: void dragSourceEndedAt(int, int, CefViewDragOperation)
        [DllImport("CCefView")]
        private static extern void CCefBrowser_dragSourceEndedAt(IntPtr thiz, int x, int y, CefViewDragOperation operation);
        public void DragSourceEndedAt(int x, int y, CefViewDragOperation operation)
        {
            CCefBrowser_dragSourceEndedAt(_native, x, y, operation);
        }

******************************************
Method: dragSourceSystemDragEnded
  Parameters:
Definition:
        // Source: void dragSourceSystemDragEnded()
        [DllImport("CCefView")]
        private static extern void CCefBrowser_dragSourceSystemDragEnded(IntPtr thiz);
        public void DragSourceSystemDragEnded()
        {
            CCefBrowser_dragSourceSystemDragEnded(_native);
        }

******************************************
Method: sendTouchEvent
  Parameters:
    <pp2xlang.generator.csharp.Parameter object at 0x0000027D43007A50>
    <pp2xlang.generator.csharp.Parameter object at 0x0000027D430079D0>
    <pp2xlang.generator.csharp.Parameter object at 0x0000027D43007310>
    <pp2xlang.generator.csharp.Parameter object at 0x0000027D43006D10>
    <pp2xlang.generator.csharp.Parameter object at 0x0000027D43004ED0>
    <pp2xlang.generator.csharp.Parameter object at 0x0000027D43006450>
    <pp2xlang.generator.csharp.Parameter object at 0x0000027D42F70190>
    <pp2xlang.generator.csharp.Parameter object at 0x0000027D42F70510>
    <pp2xlang.generator.csharp.Parameter object at 0x0000027D42F70650>
    <pp2xlang.generator.csharp.Parameter object at 0x0000027D42F70710>
Definition:
        // Source: void sendTouchEvent(int, float, float, float, float, float, float, int, uint32_t, int)
        [DllImport("CCefView")]
        private static extern void CCefBrowser_sendTouchEvent(IntPtr thiz, int touchId, float x, float y, float radiusX, float radiusY, float rotationAngle, float pressure, int touchEventType, UInt32 modifiers, int pointerType);
        public void SendTouchEvent(int touchId, float x, float y, float radiusX, float radiusY, float rotationAngle, float pressure, int touchEventType, UInt32 modifiers, int pointerType)
        {
            CCefBrowser_sendTouchEvent(_native, touchId, x, y, radiusX, radiusY, rotationAngle, pressure, touchEventType, modifiers, pointerType);
        }

******************************************
Method: sendKeyEvent
  Parameters:
    <pp2xlang.generator.csharp.Parameter object at 0x0000027D43006890>
    <pp2xlang.generator.csharp.Parameter object at 0x0000027D42F70750>
    <pp2xlang.generator.csharp.Parameter object at 0x0000027D42F70910>
    <pp2xlang.generator.csharp.Parameter object at 0x0000027D42F70A10>
    <pp2xlang.generator.csharp.Parameter object at 0x0000027D42F70B10>
    <pp2xlang.generator.csharp.Parameter object at 0x0000027D42F70CD0>
    <pp2xlang.generator.csharp.Parameter object at 0x0000027D42F70D90>
    <pp2xlang.generator.csharp.Parameter object at 0x0000027D42F70E50>
Definition:
        // Source: void sendKeyEvent(CefViewKeyEventType, uint32_t, int, int, bool, uint16_t, uint16_t, bool)
        [DllImport("CCefView")]
        private static extern void CCefBrowser_sendKeyEvent(IntPtr thiz, CefViewKeyEventType type, UInt32 modifiers, int windowsKeyCode, int nativeKeyCode, [MarshalAs(UnmanagedType.I1)] bool isSysKey, UInt16 character, UInt16 umodifiedCharacter, [MarshalAs(UnmanagedType.I1)] bool isFocusOnEditableField);
        public void SendKeyEvent(CefViewKeyEventType type, UInt32 modifiers, int windowsKeyCode, int nativeKeyCode, bool isSysKey, UInt16 character, UInt16 umodifiedCharacter, bool isFocusOnEditableField)
        {
            CCefBrowser_sendKeyEvent(_native, type, modifiers, windowsKeyCode, nativeKeyCode, isSysKey, character, umodifiedCharacter, isFocusOnEditableField);
        }

******************************************
Method: notifyMoveOrResizeStarted
  Parameters:
Definition:
        // Source: void notifyMoveOrResizeStarted()
        [DllImport("CCefView")]
        private static extern void CCefBrowser_notifyMoveOrResizeStarted(IntPtr thiz);
        public void NotifyMoveOrResizeStarted()
        {
            CCefBrowser_notifyMoveOrResizeStarted(_native);
        }

******************************************
Method: notifyScreenChanged
  Parameters:
Definition:
        // Source: void notifyScreenChanged()
        [DllImport("CCefView")]
        private static extern void CCefBrowser_notifyScreenChanged(IntPtr thiz);
        public void NotifyScreenChanged()
        {
            CCefBrowser_notifyScreenChanged(_native);
        }

******************************************
Method: imeSetComposition
  Parameters:
    <pp2xlang.generator.csharp.Parameter object at 0x0000027D43006E90>
    <pp2xlang.generator.csharp.Parameter object at 0x0000027D43004850>
    <pp2xlang.generator.csharp.Parameter object at 0x0000027D43004D50>
    <pp2xlang.generator.csharp.Parameter object at 0x0000027D43007A50>
    <pp2xlang.generator.csharp.Parameter object at 0x0000027D43004990>
Definition:
        // Source: void imeSetComposition(const std::string &, CefViewCompositionUnderline *, int, CefViewRange, CefViewRange)
        [DllImport("CCefView")]
        private static extern void CCefBrowser_imeSetComposition(IntPtr thiz, [MarshalAs(UnmanagedType.LPUTF8Str)] string text, [MarshalAs(UnmanagedType.LPArray, SizeParamIndex = 3)] CefViewCompositionUnderline[] underlines, int count, CefViewRange replacement_range, CefViewRange selection_range);
        public void ImeSetComposition(string text, CefViewCompositionUnderline[] underlines, int count, CefViewRange replacement_range, CefViewRange selection_range)
        {
            CCefBrowser_imeSetComposition(_native, text, underlines, count, replacement_range, selection_range);
        }

******************************************
Method: imeCommitText
  Parameters:
    <pp2xlang.generator.csharp.Parameter object at 0x0000027D43004F50>
    <pp2xlang.generator.csharp.Parameter object at 0x0000027D43007850>
    <pp2xlang.generator.csharp.Parameter object at 0x0000027D43004DD0>
Definition:
        // Source: void imeCommitText(const std::string &, CefViewRange, int)
        [DllImport("CCefView")]
        private static extern void CCefBrowser_imeCommitText(IntPtr thiz, [MarshalAs(UnmanagedType.LPUTF8Str)] string text, CefViewRange replacement_range, int relative_cursor_pos);
        public void ImeCommitText(string text, CefViewRange replacement_range, int relative_cursor_pos)
        {
            CCefBrowser_imeCommitText(_native, text, replacement_range, relative_cursor_pos);
        }

******************************************
Method: imeFinishComposingText
  Parameters:
    <pp2xlang.generator.csharp.Parameter object at 0x0000027D43004B90>
Definition:
        // Source: void imeFinishComposingText(bool)
        [DllImport("CCefView")]
        private static extern void CCefBrowser_imeFinishComposingText(IntPtr thiz, [MarshalAs(UnmanagedType.I1)] bool keep_selection);
        public void ImeFinishComposingText(bool keep_selection)
        {
            CCefBrowser_imeFinishComposingText(_native, keep_selection);
        }

******************************************
Method: imeCancelComposition
  Parameters:
Definition:
        // Source: void imeCancelComposition()
        [DllImport("CCefView")]
        private static extern void CCefBrowser_imeCancelComposition(IntPtr thiz);
        public void ImeCancelComposition()
        {
            CCefBrowser_imeCancelComposition(_native);
        }

******************************************
Method: continueJSDialog
  Parameters:
    <pp2xlang.generator.csharp.Parameter object at 0x0000027D43004B90>
    <pp2xlang.generator.csharp.Parameter object at 0x0000027D43006450>
    <pp2xlang.generator.csharp.Parameter object at 0x0000027D43007350>
Definition:
        // Source: bool continueJSDialog(int64_t, bool, const std::string &)
        [DllImport("CCefView")]
        [return: MarshalAs(UnmanagedType.I1)]
        private static extern bool CCefBrowser_continueJSDialog(IntPtr thiz, Int64 requestId, [MarshalAs(UnmanagedType.I1)] bool success, [MarshalAs(UnmanagedType.LPUTF8Str)] string userInput);
        public bool ContinueJSDialog(Int64 requestId, bool success, string userInput)
        {
            return CCefBrowser_continueJSDialog(_native, requestId, success, userInput);
        }

******************************************
Method: copy
  Parameters:
Definition:
        // Source: void copy()
        [DllImport("CCefView")]
        private static extern void CCefBrowser_copy(IntPtr thiz);
        public void Copy()
        {
            CCefBrowser_copy(_native);
        }

******************************************
Method: cut
  Parameters:
Definition:
        // Source: void cut()
        [DllImport("CCefView")]
        private static extern void CCefBrowser_cut(IntPtr thiz);
        public void Cut()
        {
            CCefBrowser_cut(_native);
        }

******************************************
Method: paste
  Parameters:
Definition:
        // Source: void paste()
        [DllImport("CCefView")]
        private static extern void CCefBrowser_paste(IntPtr thiz);
        public void Paste()
        {
            CCefBrowser_paste(_native);
        }

******************************************
Method: selectAll
  Parameters:
Definition:
        // Source: void selectAll()
        [DllImport("CCefView")]
        private static extern void CCefBrowser_selectAll(IntPtr thiz);
        public void SelectAll()
        {
            CCefBrowser_selectAll(_native);
        }

******************************************
Method: undo
  Parameters:
Definition:
        // Source: void undo()
        [DllImport("CCefView")]
        private static extern void CCefBrowser_undo(IntPtr thiz);
        public void Undo()
        {
            CCefBrowser_undo(_native);
        }

******************************************
Method: redo
  Parameters:
Definition:
        // Source: void redo()
        [DllImport("CCefView")]
        private static extern void CCefBrowser_redo(IntPtr thiz);
        public void Redo()
        {
            CCefBrowser_redo(_native);
        }

******************************************
Method: del
  Parameters:
Definition:
        // Source: void del()
        [DllImport("CCefView")]
        private static extern void CCefBrowser_del(IntPtr thiz);
        public void Del()
        {
            CCefBrowser_del(_native);
        }

******************************************
Method: startFinding
  Parameters:
    <pp2xlang.generator.csharp.Parameter object at 0x0000027D43004B90>
    <pp2xlang.generator.csharp.Parameter object at 0x0000027D43004D50>
    <pp2xlang.generator.csharp.Parameter object at 0x0000027D43004990>
Definition:
        // Source: void startFinding(const std::string &, bool, bool)
        [DllImport("CCefView")]
        private static extern void CCefBrowser_startFinding(IntPtr thiz, [MarshalAs(UnmanagedType.LPUTF8Str)] string searchText, [MarshalAs(UnmanagedType.I1)] bool forward, [MarshalAs(UnmanagedType.I1)] bool matchCase);
        public void StartFinding(string searchText, bool forward, bool matchCase)
        {
            CCefBrowser_startFinding(_native, searchText, forward, matchCase);
        }

******************************************
Method: stopFinding
  Parameters:
    <pp2xlang.generator.csharp.Parameter object at 0x0000027D42F70B50>
Definition:
        // Source: void stopFinding(bool)
        [DllImport("CCefView")]
        private static extern void CCefBrowser_stopFinding(IntPtr thiz, [MarshalAs(UnmanagedType.I1)] bool clearSelection);
        public void StopFinding(bool clearSelection)
        {
            CCefBrowser_stopFinding(_native, clearSelection);
        }

******************************************
Method: continueFileDialog
  Parameters:
    <pp2xlang.generator.csharp.Parameter object at 0x0000027D43007350>
    <pp2xlang.generator.csharp.Parameter object at 0x0000027D43004D90>
    <pp2xlang.generator.csharp.Parameter object at 0x0000027D42F70750>
Definition:
        // Source: bool continueFileDialog(int64_t, int, const std::vector<std::string> &)
        [DllImport("CCefView")]
        [return: MarshalAs(UnmanagedType.I1)]
        private static extern bool CCefBrowser_continueFileDialog(IntPtr thiz, Int64 requestId, int filterIndex, std::vector<std::string> filePaths);
        public bool ContinueFileDialog(Int64 requestId, int filterIndex, std::vector<std::string> filePaths)
        {
            return CCefBrowser_continueFileDialog(_native, requestId, filterIndex, filePaths);
        }

******************************************
Method: cancelFileDialog
  Parameters:
    <pp2xlang.generator.csharp.Parameter object at 0x0000027D42F70B50>
Definition:
        // Source: void cancelFileDialog(int64_t)
        [DllImport("CCefView")]
        private static extern void CCefBrowser_cancelFileDialog(IntPtr thiz, Int64 requestId);
        public void CancelFileDialog(Int64 requestId)
        {
            CCefBrowser_cancelFileDialog(_native, requestId);
        }

******************************************
Method: continueDownload
  Parameters:
    <pp2xlang.generator.csharp.Parameter object at 0x0000027D43004990>
    <pp2xlang.generator.csharp.Parameter object at 0x0000027D43006CD0>
    <pp2xlang.generator.csharp.Parameter object at 0x0000027D42F70750>
Definition:
        // Source: bool continueDownload(int64_t, const std::string &, bool)
        [DllImport("CCefView")]
        [return: MarshalAs(UnmanagedType.I1)]
        private static extern bool CCefBrowser_continueDownload(IntPtr thiz, Int64 downloadId, [MarshalAs(UnmanagedType.LPUTF8Str)] string downloadPath, [MarshalAs(UnmanagedType.I1)] bool showDialog);
        public bool ContinueDownload(Int64 downloadId, string downloadPath, bool showDialog)
        {
            return CCefBrowser_continueDownload(_native, downloadId, downloadPath, showDialog);
        }

******************************************
Method: cancelDownload
  Parameters:
    <pp2xlang.generator.csharp.Parameter object at 0x0000027D42F70A10>
Definition:
        // Source: void cancelDownload(int64_t)
        [DllImport("CCefView")]
        private static extern void CCefBrowser_cancelDownload(IntPtr thiz, Int64 downloadId);
        public void CancelDownload(Int64 downloadId)
        {
            CCefBrowser_cancelDownload(_native, downloadId);
        }

******************************************
Method: pauseDownload
  Parameters:
    <pp2xlang.generator.csharp.Parameter object at 0x0000027D43006CD0>
Definition:
        // Source: void pauseDownload(int64_t)
        [DllImport("CCefView")]
        private static extern void CCefBrowser_pauseDownload(IntPtr thiz, Int64 downloadId);
        public void PauseDownload(Int64 downloadId)
        {
            CCefBrowser_pauseDownload(_native, downloadId);
        }

******************************************
Method: resumeDownload
  Parameters:
    <pp2xlang.generator.csharp.Parameter object at 0x0000027D42F70A10>
Definition:
        // Source: void resumeDownload(int64_t)
        [DllImport("CCefView")]
        private static extern void CCefBrowser_resumeDownload(IntPtr thiz, Int64 downloadId);
        public void ResumeDownload(Int64 downloadId)
        {
            CCefBrowser_resumeDownload(_native, downloadId);
        }

******************************************
Method: continueContextMenu
  Parameters:
    <pp2xlang.generator.csharp.Parameter object at 0x0000027D42F707D0>
    <pp2xlang.generator.csharp.Parameter object at 0x0000027D42F70B10>
    <pp2xlang.generator.csharp.Parameter object at 0x0000027D42F70C10>
Definition:
        // Source: bool continueContextMenu(int64_t, int, int)
        [DllImport("CCefView")]
        [return: MarshalAs(UnmanagedType.I1)]
        private static extern bool CCefBrowser_continueContextMenu(IntPtr thiz, Int64 requestId, int commandId, int eventFlags);
        public bool ContinueContextMenu(Int64 requestId, int commandId, int eventFlags)
        {
            return CCefBrowser_continueContextMenu(_native, requestId, commandId, eventFlags);
        }

******************************************
Method: cancelContextMenu
  Parameters:
    <pp2xlang.generator.csharp.Parameter object at 0x0000027D42F70D90>
Definition:
        // Source: void cancelContextMenu(int64_t)
        [DllImport("CCefView")]
        private static extern void CCefBrowser_cancelContextMenu(IntPtr thiz, Int64 requestId);
        public void CancelContextMenu(Int64 requestId)
        {
            CCefBrowser_cancelContextMenu(_native, requestId);
        }

******************************************
Method: continuePermissionPrompt
  Parameters:
    <pp2xlang.generator.csharp.Parameter object at 0x0000027D42F70AD0>
    <pp2xlang.generator.csharp.Parameter object at 0x0000027D42F70B10>
Definition:
        // Source: bool continuePermissionPrompt(uint64_t, bool)
        [DllImport("CCefView")]
        [return: MarshalAs(UnmanagedType.I1)]
        private static extern bool CCefBrowser_continuePermissionPrompt(IntPtr thiz, UInt64 promptId, [MarshalAs(UnmanagedType.I1)] bool allow);
        public bool ContinuePermissionPrompt(UInt64 promptId, bool allow)
        {
            return CCefBrowser_continuePermissionPrompt(_native, promptId, allow);
        }

src/CCefView/include\CefQuery.h
src/CCefView/include\CefSetting.h
* Found struct clause: CefBrowserCallback, CursorKind.STRUCT_DECL
* Found struct clause: CefBrowserCallback, CursorKind.STRUCT_DECL
--------- Translating struct: CefBrowserCallback ---------
==== struct member: pfnCefQueryRequest
  Parameters:
    <pp2xlang.generator.csharp.Parameter object at 0x0000027D430C5150>
    <pp2xlang.generator.csharp.Parameter object at 0x0000027D430C5250>
    <pp2xlang.generator.csharp.Parameter object at 0x0000027D430C5390>
    <pp2xlang.generator.csharp.Parameter object at 0x0000027D430C5510>
==== struct member: pfnInvokeMethod
  Parameters:
    <pp2xlang.generator.csharp.Parameter object at 0x0000027D430C58D0>
    <pp2xlang.generator.csharp.Parameter object at 0x0000027D430C59D0>
    <pp2xlang.generator.csharp.Parameter object at 0x0000027D430C5A90>
    <pp2xlang.generator.csharp.Parameter object at 0x0000027D430C5BD0>
    <pp2xlang.generator.csharp.Parameter object at 0x0000027D430C5D50>
==== struct member: pfnReportJavascriptResult
  Parameters:
    <pp2xlang.generator.csharp.Parameter object at 0x0000027D430C5150>
    <pp2xlang.generator.csharp.Parameter object at 0x0000027D430C5210>
    <pp2xlang.generator.csharp.Parameter object at 0x0000027D430C5490>
    <pp2xlang.generator.csharp.Parameter object at 0x0000027D430C5590>
    <pp2xlang.generator.csharp.Parameter object at 0x0000027D430C5F90>
==== struct member: pfnInputStateChanged
  Parameters:
    <pp2xlang.generator.csharp.Parameter object at 0x0000027D430C5910>
    <pp2xlang.generator.csharp.Parameter object at 0x0000027D430C5E50>
    <pp2xlang.generator.csharp.Parameter object at 0x0000027D430C5890>
    <pp2xlang.generator.csharp.Parameter object at 0x0000027D430C5B10>
==== struct member: pfnOnFileDialog
  Parameters:
    <pp2xlang.generator.csharp.Parameter object at 0x0000027D430C50D0>
    <pp2xlang.generator.csharp.Parameter object at 0x0000027D430C6050>
    <pp2xlang.generator.csharp.Parameter object at 0x0000027D430C5110>
    <pp2xlang.generator.csharp.Parameter object at 0x0000027D430C5F10>
    <pp2xlang.generator.csharp.Parameter object at 0x0000027D430C5FD0>
    <pp2xlang.generator.csharp.Parameter object at 0x0000027D430C5450>
    <pp2xlang.generator.csharp.Parameter object at 0x0000027D430C6210>
==== struct member: pfnAddressChanged
  Parameters:
    <pp2xlang.generator.csharp.Parameter object at 0x0000027D430C5910>
    <pp2xlang.generator.csharp.Parameter object at 0x0000027D430C5C90>
    <pp2xlang.generator.csharp.Parameter object at 0x0000027D430C5A90>
    <pp2xlang.generator.csharp.Parameter object at 0x0000027D430C5AD0>
==== struct member: pfnTitleChanged
  Parameters:
    <pp2xlang.generator.csharp.Parameter object at 0x0000027D430C5F90>
    <pp2xlang.generator.csharp.Parameter object at 0x0000027D430C5650>
    <pp2xlang.generator.csharp.Parameter object at 0x0000027D430C61D0>
==== struct member: pfnFullscreenModeChanged
  Parameters:
    <pp2xlang.generator.csharp.Parameter object at 0x0000027D430C5B50>
    <pp2xlang.generator.csharp.Parameter object at 0x0000027D430C5C90>
    <pp2xlang.generator.csharp.Parameter object at 0x0000027D430C59D0>
==== struct member: pfnStatusMessage
  Parameters:
    <pp2xlang.generator.csharp.Parameter object at 0x0000027D430C5D50>
    <pp2xlang.generator.csharp.Parameter object at 0x0000027D430C5650>
    <pp2xlang.generator.csharp.Parameter object at 0x0000027D430C61D0>
==== struct member: pfnConsoleMessage
  Parameters:
    <pp2xlang.generator.csharp.Parameter object at 0x0000027D430C5E50>
    <pp2xlang.generator.csharp.Parameter object at 0x0000027D430C5C90>
    <pp2xlang.generator.csharp.Parameter object at 0x0000027D430C59D0>
    <pp2xlang.generator.csharp.Parameter object at 0x0000027D430C60D0>
==== struct member: pfnLoadingProgressChanged
  Parameters:
    <pp2xlang.generator.csharp.Parameter object at 0x0000027D430C53D0>
    <pp2xlang.generator.csharp.Parameter object at 0x0000027D430C5650>
    <pp2xlang.generator.csharp.Parameter object at 0x0000027D430C5C10>
==== struct member: pfnFaviconUrlChanged
  Parameters:
    <pp2xlang.generator.csharp.Parameter object at 0x0000027D430C5750>
    <pp2xlang.generator.csharp.Parameter object at 0x0000027D430C58D0>
    <pp2xlang.generator.csharp.Parameter object at 0x0000027D430C5B10>
==== struct member: pfnCursorChanged
  Parameters:
    <pp2xlang.generator.csharp.Parameter object at 0x0000027D430C5390>
    <pp2xlang.generator.csharp.Parameter object at 0x0000027D430C5650>
    <pp2xlang.generator.csharp.Parameter object at 0x0000027D430C61D0>
    <pp2xlang.generator.csharp.Parameter object at 0x0000027D430C5B90>
    <pp2xlang.generator.csharp.Parameter object at 0x0000027D430C4F50>
==== struct member: pfnOnBeforeDownload
  Parameters:
    <pp2xlang.generator.csharp.Parameter object at 0x0000027D430C57D0>
    <pp2xlang.generator.csharp.Parameter object at 0x0000027D430C5A90>
    <pp2xlang.generator.csharp.Parameter object at 0x0000027D430C5110>
    <pp2xlang.generator.csharp.Parameter object at 0x0000027D430C5590>
    <pp2xlang.generator.csharp.Parameter object at 0x0000027D430C5450>
    <pp2xlang.generator.csharp.Parameter object at 0x0000027D430C6350>
    <pp2xlang.generator.csharp.Parameter object at 0x0000027D430C6510>
==== struct member: pfnOnDownloadUpdated
  Parameters:
    <pp2xlang.generator.csharp.Parameter object at 0x0000027D430C5190>
    <pp2xlang.generator.csharp.Parameter object at 0x0000027D430C51D0>
    <pp2xlang.generator.csharp.Parameter object at 0x0000027D430C61D0>
    <pp2xlang.generator.csharp.Parameter object at 0x0000027D430C4F50>
    <pp2xlang.generator.csharp.Parameter object at 0x0000027D430C6650>
    <pp2xlang.generator.csharp.Parameter object at 0x0000027D430C6810>
    <pp2xlang.generator.csharp.Parameter object at 0x0000027D430C6990>
    <pp2xlang.generator.csharp.Parameter object at 0x0000027D430C6AD0>
==== struct member: pfnDraggableRegionChanged
  Parameters:
    <pp2xlang.generator.csharp.Parameter object at 0x0000027D430C5B50>
    <pp2xlang.generator.csharp.Parameter object at 0x0000027D430C5F10>
    <pp2xlang.generator.csharp.Parameter object at 0x0000027D430C6250>
==== struct member: pfnOnFindResult
  Parameters:
    <pp2xlang.generator.csharp.Parameter object at 0x0000027D430C6710>
    <pp2xlang.generator.csharp.Parameter object at 0x0000027D430C50D0>
    <pp2xlang.generator.csharp.Parameter object at 0x0000027D430C6690>
    <pp2xlang.generator.csharp.Parameter object at 0x0000027D430C5390>
    <pp2xlang.generator.csharp.Parameter object at 0x0000027D430C5310>
    <pp2xlang.generator.csharp.Parameter object at 0x0000027D430C6590>
    <pp2xlang.generator.csharp.Parameter object at 0x0000027D430C6810>
==== struct member: pfnOnFocusReleasedByTabKey
  Parameters:
    <pp2xlang.generator.csharp.Parameter object at 0x0000027D430C5B50>
    <pp2xlang.generator.csharp.Parameter object at 0x0000027D430C6410>
    <pp2xlang.generator.csharp.Parameter object at 0x0000027D430C6950>
==== struct member: pfnOnRequestSetFocus
  Parameters:
    <pp2xlang.generator.csharp.Parameter object at 0x0000027D430C61D0>
    <pp2xlang.generator.csharp.Parameter object at 0x0000027D430C5750>
==== struct member: pfnOnGotFocus
  Parameters:
    <pp2xlang.generator.csharp.Parameter object at 0x0000027D430C5B50>
    <pp2xlang.generator.csharp.Parameter object at 0x0000027D430C6250>
==== struct member: pfnOnJSDialog
  Parameters:
    <pp2xlang.generator.csharp.Parameter object at 0x0000027D430C5890>
    <pp2xlang.generator.csharp.Parameter object at 0x0000027D430C6AD0>
    <pp2xlang.generator.csharp.Parameter object at 0x0000027D430C5B90>
    <pp2xlang.generator.csharp.Parameter object at 0x0000027D430C5F90>
    <pp2xlang.generator.csharp.Parameter object at 0x0000027D430C51D0>
    <pp2xlang.generator.csharp.Parameter object at 0x0000027D430C6650>
    <pp2xlang.generator.csharp.Parameter object at 0x0000027D430C6A90>
    <pp2xlang.generator.csharp.Parameter object at 0x0000027D430C5110>
==== struct member: pfnOnBeforeUnloadDialog
  Parameters:
    <pp2xlang.generator.csharp.Parameter object at 0x0000027D430C6250>
    <pp2xlang.generator.csharp.Parameter object at 0x0000027D430C5590>
    <pp2xlang.generator.csharp.Parameter object at 0x0000027D430C5450>
    <pp2xlang.generator.csharp.Parameter object at 0x0000027D430C6350>
    <pp2xlang.generator.csharp.Parameter object at 0x0000027D430C6490>
==== struct member: pfnOnBeforeNewPopupCreate
  Parameters:
    <pp2xlang.generator.csharp.Parameter object at 0x0000027D430C61D0>
    <pp2xlang.generator.csharp.Parameter object at 0x0000027D430C6890>
    <pp2xlang.generator.csharp.Parameter object at 0x0000027D430C6750>
    <pp2xlang.generator.csharp.Parameter object at 0x0000027D430C5F10>
    <pp2xlang.generator.csharp.Parameter object at 0x0000027D430C5F90>
    <pp2xlang.generator.csharp.Parameter object at 0x0000027D430C51D0>
    <pp2xlang.generator.csharp.Parameter object at 0x0000027D430C58D0>
    <pp2xlang.generator.csharp.Parameter object at 0x0000027D430C57D0>
==== struct member: pfnOnBeforeNewBrowserCreate
  Parameters:
    <pp2xlang.generator.csharp.Parameter object at 0x0000027D430C6410>
    <pp2xlang.generator.csharp.Parameter object at 0x0000027D430C6110>
    <pp2xlang.generator.csharp.Parameter object at 0x0000027D430C5950>
    <pp2xlang.generator.csharp.Parameter object at 0x0000027D430C6050>
    <pp2xlang.generator.csharp.Parameter object at 0x0000027D430C6450>
    <pp2xlang.generator.csharp.Parameter object at 0x0000027D430C6B90>
    <pp2xlang.generator.csharp.Parameter object at 0x0000027D430C63D0>
==== struct member: pfnDoClose
  Parameters:
    <pp2xlang.generator.csharp.Parameter object at 0x0000027D430C65D0>
==== struct member: pfnRequestClose
  Parameters:
    <pp2xlang.generator.csharp.Parameter object at 0x0000027D430C5ED0>
==== struct member: pfnOnAfterCreated
  Parameters:
    <pp2xlang.generator.csharp.Parameter object at 0x0000027D430C6690>
==== struct member: pfnOnBeforeClose
  Parameters:
    <pp2xlang.generator.csharp.Parameter object at 0x0000027D430C6150>
==== struct member: pfnLoadingStateChanged
  Parameters:
    <pp2xlang.generator.csharp.Parameter object at 0x0000027D430C5450>
    <pp2xlang.generator.csharp.Parameter object at 0x0000027D430C6410>
    <pp2xlang.generator.csharp.Parameter object at 0x0000027D430C6510>
    <pp2xlang.generator.csharp.Parameter object at 0x0000027D430C6050>
    <pp2xlang.generator.csharp.Parameter object at 0x0000027D430C63D0>
==== struct member: pfnLoadStart
  Parameters:
    <pp2xlang.generator.csharp.Parameter object at 0x0000027D430C61D0>
    <pp2xlang.generator.csharp.Parameter object at 0x0000027D430C5890>
    <pp2xlang.generator.csharp.Parameter object at 0x0000027D430C6750>
    <pp2xlang.generator.csharp.Parameter object at 0x0000027D430C51D0>
    <pp2xlang.generator.csharp.Parameter object at 0x0000027D430C5910>
==== struct member: pfnLoadEnd
  Parameters:
    <pp2xlang.generator.csharp.Parameter object at 0x0000027D430C6910>
    <pp2xlang.generator.csharp.Parameter object at 0x0000027D430C6410>
    <pp2xlang.generator.csharp.Parameter object at 0x0000027D430C6510>
    <pp2xlang.generator.csharp.Parameter object at 0x0000027D430C5590>
    <pp2xlang.generator.csharp.Parameter object at 0x0000027D430C5190>
==== struct member: pfnLoadError
  Parameters:
    <pp2xlang.generator.csharp.Parameter object at 0x0000027D430C6A50>
    <pp2xlang.generator.csharp.Parameter object at 0x0000027D430C6250>
    <pp2xlang.generator.csharp.Parameter object at 0x0000027D430C6750>
    <pp2xlang.generator.csharp.Parameter object at 0x0000027D430C5910>
    <pp2xlang.generator.csharp.Parameter object at 0x0000027D430C5510>
    <pp2xlang.generator.csharp.Parameter object at 0x0000027D430C6DD0>
    <pp2xlang.generator.csharp.Parameter object at 0x0000027D430C6F50>
==== struct member: pfnOnContextMenu
  Parameters:
    <pp2xlang.generator.csharp.Parameter object at 0x0000027D430C6110>
    <pp2xlang.generator.csharp.Parameter object at 0x0000027D430C6490>
    <pp2xlang.generator.csharp.Parameter object at 0x0000027D430C6510>
    <pp2xlang.generator.csharp.Parameter object at 0x0000027D430C6050>
    <pp2xlang.generator.csharp.Parameter object at 0x0000027D430C52D0>
==== struct member: pfnOnContextMenuDismissed
  Parameters:
    <pp2xlang.generator.csharp.Parameter object at 0x0000027D430C66D0>
    <pp2xlang.generator.csharp.Parameter object at 0x0000027D430C5FD0>
==== struct member: pfnOnPermissionPrompt
  Parameters:
    <pp2xlang.generator.csharp.Parameter object at 0x0000027D430C7050>
    <pp2xlang.generator.csharp.Parameter object at 0x0000027D430C63D0>
    <pp2xlang.generator.csharp.Parameter object at 0x0000027D430C6910>
    <pp2xlang.generator.csharp.Parameter object at 0x0000027D430C6BD0>
    <pp2xlang.generator.csharp.Parameter object at 0x0000027D430C5C50>
==== struct member: pfnOnRenderProcessTerminated
  Parameters:
    <pp2xlang.generator.csharp.Parameter object at 0x0000027D430C6D10>
    <pp2xlang.generator.csharp.Parameter object at 0x0000027D430C5B50>
    <pp2xlang.generator.csharp.Parameter object at 0x0000027D430C6D50>
    <pp2xlang.generator.csharp.Parameter object at 0x0000027D430C6250>
    <pp2xlang.generator.csharp.Parameter object at 0x0000027D430C6750>
==== struct member: pfnGetRootScreenRect
  Parameters:
    <pp2xlang.generator.csharp.Parameter object at 0x0000027D430C5590>
    <pp2xlang.generator.csharp.Parameter object at 0x0000027D430C7050>
    <pp2xlang.generator.csharp.Parameter object at 0x0000027D430C63D0>
==== struct member: pfnGetViewRect
  Parameters:
    <pp2xlang.generator.csharp.Parameter object at 0x0000027D430C61D0>
    <pp2xlang.generator.csharp.Parameter object at 0x0000027D430C6C50>
    <pp2xlang.generator.csharp.Parameter object at 0x0000027D430C6D10>
==== struct member: pfnGetScreenPoint
  Parameters:
    <pp2xlang.generator.csharp.Parameter object at 0x0000027D430C6390>
    <pp2xlang.generator.csharp.Parameter object at 0x0000027D430C6110>
    <pp2xlang.generator.csharp.Parameter object at 0x0000027D430C6AD0>
    <pp2xlang.generator.csharp.Parameter object at 0x0000027D430C59D0>
    <pp2xlang.generator.csharp.Parameter object at 0x0000027D430C6910>
    <pp2xlang.generator.csharp.Parameter object at 0x0000027D430C5F90>
==== struct member: pfnGetScreenInfo
  Parameters:
    <pp2xlang.generator.csharp.Parameter object at 0x0000027D430C57D0>
    <pp2xlang.generator.csharp.Parameter object at 0x0000027D430C52D0>
    <pp2xlang.generator.csharp.Parameter object at 0x0000027D430C5590>
==== struct member: pfnOnPopupShow
  Parameters:
    <pp2xlang.generator.csharp.Parameter object at 0x0000027D430C5B90>
    <pp2xlang.generator.csharp.Parameter object at 0x0000027D430C6410>
    <pp2xlang.generator.csharp.Parameter object at 0x0000027D430C5310>
==== struct member: pfnOnPopupSize
  Parameters:
    <pp2xlang.generator.csharp.Parameter object at 0x0000027D430C57D0>
    <pp2xlang.generator.csharp.Parameter object at 0x0000027D430C5750>
    <pp2xlang.generator.csharp.Parameter object at 0x0000027D430C6290>
==== struct member: pfnOnPaint
  Parameters:
    <pp2xlang.generator.csharp.Parameter object at 0x0000027D430C5C50>
    <pp2xlang.generator.csharp.Parameter object at 0x0000027D430C51D0>
    <pp2xlang.generator.csharp.Parameter object at 0x0000027D430C5B50>
    <pp2xlang.generator.csharp.Parameter object at 0x0000027D430C6590>
    <pp2xlang.generator.csharp.Parameter object at 0x0000027D430C6BD0>
    <pp2xlang.generator.csharp.Parameter object at 0x0000027D430C6E90>
    <pp2xlang.generator.csharp.Parameter object at 0x0000027D430C6F90>
    <pp2xlang.generator.csharp.Parameter object at 0x0000027D430C70D0>
    <pp2xlang.generator.csharp.Parameter object at 0x0000027D430C7250>
==== struct member: pfnOnAcceleratedPaint
  Parameters:
    <pp2xlang.generator.csharp.Parameter object at 0x0000027D430C5F10>
    <pp2xlang.generator.csharp.Parameter object at 0x0000027D430C52D0>
    <pp2xlang.generator.csharp.Parameter object at 0x0000027D430C6B50>
    <pp2xlang.generator.csharp.Parameter object at 0x0000027D430C7350>
    <pp2xlang.generator.csharp.Parameter object at 0x0000027D430C7450>
    <pp2xlang.generator.csharp.Parameter object at 0x0000027D430C7550>
    <pp2xlang.generator.csharp.Parameter object at 0x0000027D430C76D0>
==== struct member: pfnStartDragging
  Parameters:
    <pp2xlang.generator.csharp.Parameter object at 0x0000027D430C5390>
    <pp2xlang.generator.csharp.Parameter object at 0x0000027D430C6250>
    <pp2xlang.generator.csharp.Parameter object at 0x0000027D430C7150>
    <pp2xlang.generator.csharp.Parameter object at 0x0000027D430C6B90>
    <pp2xlang.generator.csharp.Parameter object at 0x0000027D430C5B50>
==== struct member: pfnUpdateDragCursor
  Parameters:
    <pp2xlang.generator.csharp.Parameter object at 0x0000027D430C7190>
    <pp2xlang.generator.csharp.Parameter object at 0x0000027D430C72D0>
    <pp2xlang.generator.csharp.Parameter object at 0x0000027D430C7650>
==== struct member: pfnOnScrollOffsetChanged
  Parameters:
    <pp2xlang.generator.csharp.Parameter object at 0x0000027D430C6BD0>
    <pp2xlang.generator.csharp.Parameter object at 0x0000027D430C6E50>
    <pp2xlang.generator.csharp.Parameter object at 0x0000027D430C6210>
    <pp2xlang.generator.csharp.Parameter object at 0x0000027D430C7150>
==== struct member: pfnOnImeCompositionRangeChanged
  Parameters:
    <pp2xlang.generator.csharp.Parameter object at 0x0000027D430C7190>
    <pp2xlang.generator.csharp.Parameter object at 0x0000027D430C6290>
    <pp2xlang.generator.csharp.Parameter object at 0x0000027D430C6B90>
    <pp2xlang.generator.csharp.Parameter object at 0x0000027D430C5B50>
    <pp2xlang.generator.csharp.Parameter object at 0x0000027D430C74D0>
==== struct member: pfnOnTextSelectionChanged
  Parameters:
    <pp2xlang.generator.csharp.Parameter object at 0x0000027D430C5450>
    <pp2xlang.generator.csharp.Parameter object at 0x0000027D430C6E50>
    <pp2xlang.generator.csharp.Parameter object at 0x0000027D430C6210>
    <pp2xlang.generator.csharp.Parameter object at 0x0000027D430C7150>
==== struct member: pfnOnVirtualKeyboardRequested
  Parameters:
    <pp2xlang.generator.csharp.Parameter object at 0x0000027D430C61D0>
    <pp2xlang.generator.csharp.Parameter object at 0x0000027D430C6D10>
    <pp2xlang.generator.csharp.Parameter object at 0x0000027D430C5FD0>
